word,count
bonden,620
mere,482
intet,417
aar,375
folk,366
landet,352
tid,336
andet,334
penge,296
nytte,282
mindre,277
bønderne,277
bedre,276
bønder,275
bonde,263
stor,258
deraf,254
kand,250
store,246
imod,246
første,244
dertil,244
ting,244
bør,243
vare,239
tillige,238
steder,235
sige,234
sted,234
mand,232
gode,231
slags,229
4,224
derimod,223
egen,222
god,210
a,210
2,208
ligesaa,206
aldrig,206
beste,205
vore,203
fordeel,203
saadanne,200
større,199
jord,199
hvorledes,197
vores,195
hele,193
altsaa,193
holde,192
3,188
største,188
1,188
rdlr,187
flere,186
betale,185
ret,185
almindelige,182
heller,182
samt,180
stand,179
ellers,176
seer,174
aarlig,166
bondens,165
arbeyde,164
korn,162
gaaer,162
rette,162
dersom,161
burde,159
arbeide,159
nye,159
meere,159
lidet,158
tanker,158
synes,157
gaae,156
staten,155
tage,152
troer,149
land,148
børn,148
got,148
strax,146
faaer,145
saavel,145
hvorved,145
videre,145
6,144
mindste,144
tider,142
eders,140
herre,139
dens,138
almindelighed,138
længe,138
landets,137
skee,136
findes,136
skade,136
ofte,136
kongen,136
trekholt,136
hvilket,135
bleve,134
8,133
fleste,132
hoverie,132
troe,131
to,131
hartkorn,131
jorden,130
først,130
5,128
mangel,127
hvilken,127
10,127
saasom,126
henseende,126
tønder,125
grund,124
lader,123
gaard,123
danske,122
sag,122
foruden,121
faa,120
rigets,120
giver,120
gamle,120
forfatteren,120
skeer,118
hosbonden,118
gods,118
visse,118
egne,117
maaskee,116
beskaffenhed,115
derpaa,115
gierne,114
brug,113
sidste,112
alene,111
ene,111
tilstand,111
frie,111
hvilke,111
eget,111
begge,111
hvoraf,110
b,110
engang,109
borgeren,109
imellem,109
almindelig,109
vide,109
nyttige,108
gaarden,108
deels,108
snart,107
aarsag,107
staaer,106
fik,106
giort,106
lad,106
tiden,106
fremmede,106
forandring,105
altid,105
formedelst,105
tale,105
især,105
øvrige,105
slet,104
best,103
finde,103
c,102
desuden,101
liden,100
mennesker,100
overalt,99
eder,99
følger,99
hoveriet,98
rige,97
nemlig,97
før,97
dermed,97
sagt,97
kuns,96
finder,95
nødvendig,95
hverken,94
allerede,94
hvorfor,94
lande,93
følgelig,93
tilfælde,93
20,92
gud,92
tab,92
tvende,91
leve,91
nærværende,91
fattige,91
handel,91
mens,90
søge,90
neppe,90
aldeles,89
heste,89
havt,88
indsigt,88
indretning,88
statens,88
hvem,88
midler,87
skatter,87
falder,87
bekostning,87
antal,87
hvortil,87
dets,86
just,86
tør,86
saae,85
igel,85
forhen,85
vis,84
magt,84
saadant,84
tieneste,84
frem,84
iblant,83
svare,83
tønde,83
redlig,83
lov,83
drift,82
dage,82
tiid,82
endelig,82
fornødne,81
ringe,81
forhold,81
fire,81
løn,81
bleven,81
skyld,81
hosbond,80
gang,80
meer,79
bøndernes,79
tiene,79
staae,79
inden,79
mueligt,78
holder,78
omstændigheder,78
behøves,78
maader,77
tre,77
onde,77
hvert,77
megen,77
7,76
hr,76
fald,75
følge,75
tilbage,75
side,75
steden,75
gaarde,75
adskillige,75
føde,75
verden,75
proprietairen,74
drive,74
forbedring,74
behøver,73
ligger,73
hensigt,72
navn,72
virkelig,72
stedse,72
søren,72
førend,71
derom,71
let,71
sætte,71
bruge,71
naturlige,71
bondestanden,71
marker,70
priis,70
fleere,70
12,70
næsten,69
meest,69
gange,69
vise,69
hielp,69
ganske,69
kiøbe,69
forrige,69
dele,68
grunde,68
kom,68
helst,68
frihed,68
ikkun,68
ære,68
mængde,68
øde,66
kongelige,66
herved,66
sæd,66
nyttig,66
forstaaer,66
menneske,66
riges,66
hvo,65
undertiden,65
hinanden,65
kiøbenhavn,65
skat,65
bort,65
jesper,65
mænd,65
forfatning,65
skadelige,64
falde,64
sandhed,64
indtil,64
føre,64
tænke,64
love,64
erfarenhed,64
villie,64
derefter,64
forordningen,63
alting,63
exempel,63
nyde,62
aars,62
kongens,62
fordele,62
godt,62
9,62
sagde,62
halv,62
hielpe,61
kort,61
bruges,61
holdes,61
ar,60
endda,60
anledning,60
tilforn,60
billig,60
afgift,60
eyendom,59
hænder,59
vilkaar,59
skrive,59
kundskab,59
giøres,59
nær,59
riget,59
deslige,59
nødvendige,59
saavidt,59
byrde,59
velstand,59
mark,58
bye,58
ansees,58
sælge,58
tager,58
hen,57
brød,57
lyst,57
muelig,57
stort,57
karl,57
30,57
friehed,57
person,56
regieringen,56
kiender,56
fader,56
15,56
hendrik,56
middel,56
givet,56
endeel,56
eyere,56
forordninger,56
befordre,56
14,56
gives,55
orden,55
fornemmelig,55
andres,55
forslag,54
sær,54
16,54
fornøden,54
sikkerhed,54
pag,54
guds,54
tilstaae,54
indretninger,54
vente,54
huus,54
sande,54
bære,54
kræfter,53
ethvert,53
formue,53
dyre,53
tredie,53
særdeles,53
derfore,53
høre,52
gandske,52
kornet,52
40,52
ak,52
liv,52
saavelsom,52
nei,52
gield,52
13,52
leylighed,51
konge,51
hundrede,51
fuldkommen,51
hører,51
unge,51
proprietair,51
kiende,51
dannemark,51
hoveriets,51
sandt,51
byer,51
par,50
sk,50
skadelig,50
norge,50
kiøbstæderne,50
forrette,50
derhos,50
taler,49
klage,49
fornærmelse,49
bestaae,49
forud,49
tages,49
omkring,49
eneste,49
saasnart,49
ophold,49
marken,49
ringeste,48
opkomst,48
siges,48
ligge,48
proprietairer,48
billighed,48
derover,48
materie,48
eene,48
dagen,48
smaae,48
næring,47
ønske,47
11,47
samlet,47
anvende,47
tænker,47
ordentlig,47
betalt,47
derudi,47
høe,47
tvivl,47
heele,47
vidt,47
faaet,47
aarsager,46
bekiendt,46
stæder,46
præsterne,46
lod,46
stænder,46
100,46
rigmand,46
bringe,46
ende,46
fleeste,46
agerdyrkningen,46
størrelse,45
søger,45
giorde,45
brænde,45
virkning,45
aaret,45
igiennem,45
oplysning,45
creature,44
beboere,44
brændeviin,44
udgifter,44
deri,44
beviis,44
guld,44
uagtet,44
nan,44
beholde,44
jordens,44
vanskeligt,44
rigsdaler,44
reent,44
fæste,44
ansee,44
bestandig,44
dobbelt,44
ikkuns,43
1771,43
velfærd,43
mands,43
seet,43
sligt,43
hørt,43
endskiønt,43
herskabet,43
alleene,42
tusinde,42
godset,42
ager,42
slige,42
50,42
svar,42
vigtige,42
ligeledes,42
betaling,42
lang,42
følgende,42
klæder,42
jordegods,41
regne,41
fortiene,41
o,41
byen,41
misbrug,41
natur,41
optrin,41
flid,41
loven,41
efterdi,41
halve,41
gik,41
24,41
lærer,41
lettelig,41
regning,41
haves,40
forskiellige,40
undersaatter,40
17,40
ophævelse,40
nøye,40
derfra,40
lykke,40
meener,40
huusholding,40
tiende,40
hvori,40
legge,40
fri,40
gavn,40
avling,40
bestaaer,40
hierte,40
fornuftig,40
ven,40
mon,40
rigtig,40
vinde,40
lære,40
forordning,40
vahre,39
mk,39
fare,39
angaaer,39
lide,39
lands,39
anseelig,39
daglig,39
haand,39
dyr,39
salpeter,39
slette,39
præsten,39
menneskelige,38
18,38
ligesaavel,38
regent,38
forskiel,38
arbeidet,38
maal,38
forbunden,38
soldat,38
dyrke,38
danmark,38
tabe,38
længere,37
stykke,37
kiøbt,37
yderste,37
fandt,37
bud,37
forstaae,37
tvertimod,37
lyksalighed,37
norske,37
gav,37
forstand,37
kone,37
hovning,37
rettighed,37
eeneste,37
sagen,37
28,37
betales,37
exempler,36
hidindtil,36
holdt,36
aarsagen,36
regiering,36
taale,36
21,36
noksom,36
part,36
heel,36
proprietairerne,36
angaaende,36
sat,36
blevne,36
raad,36
plan,36
værende,36
imidlertid,36
jorder,36
hvorfra,36
svares,36
tilstrækkelig,35
afgifter,35
poster,35
mest,35
huse,35
personer,35
haanden,35
tilligemed,35
rug,35
eftertanke,35
19,35
bæster,35
forsøg,35
34,35
skiønt,35
post,35
22,35
vedkommende,35
sees,35
træer,35
leilighed,35
e,35
sex,35
handelen,35
ilde,35
straf,35
underholdning,35
hertil,35
nød,35
godser,35
betydelig,35
byens,34
mandskab,34
søn,34
25,34
mangler,34
gaards,34
betragtning,34
familie,34
begreb,34
huusholdning,34
stat,34
heraf,34
fremdeles,34
anførte,34
tilladt,34
indbyggere,34
vanskeligheder,34
eengang,34
sette,34
mangen,34
herom,34
frygt,34
forretninger,33
planter,33
sølv,33
hvorvidt,33
afskaffelse,33
vedligeholdelse,33
satte,33
vinteren,33
rede,33
landgilde,33
landvæsenet,33
behøve,33
høye,33
lidt,33
gjøre,33
bygning,33
hvorefter,33
aleene,33
herren,33
tydelig,33
eiendom,33
landvæsenets,33
blot,33
smør,33
muelige,33
antage,33
tiener,33
smaa,33
nødig,33
haab,33
adelskiold,33
à,32
lovens,32
enkelte,32
græs,32
huusmænd,32
redskaber,32
daatter,32
sammes,32
hovningen,32
31,32
grunden,32
forandringer,32
beviser,32
hosbonde,32
alleneste,32
svarer,32
høyeste,32
sammen,32
folkemængdens,32
23,32
grad,32
bekostninger,32
anderledes,32
spørge,32
29,32
stude,32
miste,32
byrder,32
begynder,32
32,32
hvorfore,32
26,32
fulde,31
aarlige,31
atter,31
viist,31
indkomster,31
tilstaaer,31
art,31
hvormed,31
umueligt,31
vidste,31
beqvem,31
skeet,31
pengene,31
tings,31
møde,31
kraft,31
styrke,31
hosbondens,31
tdr,31
alder,31
almuen,31
ærlig,30
fyrsten,30
skaffe,30
proprietairens,30
gaarder,30
foraarsager,30
38,30
sættes,30
forvalter,30
samle,30
bestemmes,30
v,30
undersøge,30
overskud,30
tvang,30
skrift,30
omtrent,30
ringere,30
tienere,30
hvile,30
drives,30
indseer,30
kiere,30
bragt,30
ønsker,30
mener,29
sviin,29
skifter,29
besætning,29
jylland,29
naturens,29
hvordan,29
betydelige,29
saalænge,29
førsten,29
tient,29
lemmer,29
fattigdom,29
begynde,29
formuende,29
skrifter,29
bestemmelse,29
herremanden,29
forestille,29
d,29
faar,29
dømme,29
indsee,29
iblandt,29
tienden,29
kongelig,29
f,29
steen,29
bønders,29
landmand,29
spørsmaal,29
fordeele,29
skilling,29
regieringens,29
bevise,29
skov,29
tildeels,29
karle,29
øyne,28
60,28
forbedre,28
vogne,28
slig,28
hastig,28
bondegaard,28
mindst,28
kierlighed,28
27,28
sikker,28
brev,28
omsider,28
recensenten,28
folkemængden,28
venner,28
lært,28
patriot,28
værd,28
veyen,28
evne,28
viser,28
omendskiønt,28
naturen,28
m,28
indvaanere,28
s,28
menneskene,28
mrk,28
indbyrdes,28
død,28
umuelig,28
umage,28
vei,28
sædvanlige,27
pligter,27
ti,27
nærmere,27
befindes,27
33,27
arbeydet,27
desto,27
sider,27
frugt,27
taget,27
forklaring,27
vederlag,27
deele,27
hovedgaardens,27
tilhørende,27
lettere,27
andens,27
forskaffe,27
foreslagne,27
øine,27
qvæg,27
øl,27
arme,27
tænkemaade,27
kaldes,27
35,27
brugte,27
anstalter,26
lykkelig,26
sand,26
kundet,26
vished,26
vedligeholde,26
skribentere,26
folkemængde,26
renter,26
fornøyelse,26
nærings,26
bestemme,26
indrettet,26
særdeleshed,26
landmænd,26
mellem,26
opsyn,26
sielden,26
pligtig,26
iligemaade,26
borte,26
nogenledes,26
forfatterens,26
37,26
ondt,26
hvorudi,26
pligt,26
koster,26
folket,26
tilsammen,26
borgere,26
fast,26
ernære,26
ingenlunde,26
skriver,26
bestemt,26
else,26
driver,25
fattig,25
græsning,25
ost,25
48,25
bondestandens,25
egenskaber,25
nogensinde,25
soldater,25
vand,25
legemer,25
altsammen,25
eet,25
alligevel,25
trykt,25
taber,25
eier,25
samlede,25
forsynet,25
stræbe,25
nøie,25
kommen,25
brugt,25
lever,25
vigtig,25
præst,25
anføre,25
levende,25
blant,25
hiem,25
herudi,25
bestemte,25
tienlig,25
ny,25
egentlig,25
høie,25
skifte,25
fyrste,25
kiøber,25
stykker,25
menneskes,25
byg,25
amtmanden,25
gaardens,25
meste,25
fører,25
holland,25
trende,25
snarere,25
hvorom,25
forvalteren,25
virkelige,25
allernaadigste,24
kommet,24
stedet,24
naboer,24
plantes,24
herregaarde,24
feil,24
allevegne,24
patriotiske,24
prøve,24
indhold,24
undersøgning,24
36,24
unyttige,24
heder,24
andeel,24
omgang,24
commissionen,24
tienestefolk,24
pro,24
ulige,24
anvendes,24
tanke,24
39,24
overflødighed,24
armod,24
herregaardene,24
hindrer,24
ulykke,24
heri,24
herrer,24
no,24
videnskab,24
høyt,24
lys,24
herefter,24
n,24
herskab,24
behøvede,24
raadvild,24
udføres,24
gielder,24
indrette,24
bekiendte,23
told,23
oeconomie,23
elendighed,23
skrevet,23
europa,23
passer,23
anseelse,23
beregning,23
tilsidst,23
drage,23
familier,23
42,23
efterat,23
grændser,23
bondes,23
baronen,23
herpaa,23
td,23
sætter,23
kalder,23
opmuntre,23
foretage,23
sygdom,23
slaver,23
voxer,23
skove,23
forlade,23
tillader,23
opsigt,23
udenrigske,23
talt,23
lagt,23
hiemme,23
vindskibelighed,23
ney,23
ruin,23
heelt,23
hidtil,23
paastaae,23
viise,23
foraarsage,23
4de,23
riger,23
hvorover,22
udfordres,22
summa,22
paastaaer,22
forandre,22
naturlig,22
udsæd,22
forinden,22
nyder,22
videnskaber,22
lykkelige,22
hensigter,22
fastsat,22
feyl,22
opdragelse,22
ønskede,22
hellere,22
næremidler,22
billigt,22
havre,22
all,22
fuld,22
fornuftige,22
bygge,22
43,22
sommeren,22
vigtighed,22
41,22
forbedres,22
høyst,22
beqvemme,22
undersaatterne,22
fædreneland,22
offentlig,22
giødning,22
liveegne,22
bøndergaarde,22
rettigheder,22
betiene,22
yde,22
betænkning,22
beskiermelse,22
stod,22
næste,22
boer,21
veie,21
amt,21
markerne,21
45,21
lejlighed,21
begyndelsen,21
betaler,21
rd,21
anført,21
vandet,21
hør,21
fornemste,21
forbyde,21
overlade,21
egnen,21
nytten,21
eng,21
udføre,21
44,21
bonde-standen,21
forsvar,21
femte,21
tilkommer,21
besynderlig,21
prøver,21
tilkommende,21
steds,21
gammel,21
behøvende,21
kostbare,21
hove,21
bestille,21
liggende,21
arbeyder,21
rettere,21
ungdom,21
pund,21
tal,21
resten,21
beroer,21
gevinst,21
leye,21
forfatter,21
settes,21
høste,21
løber,21
fierde,21
fremtiden,21
myndighed,21
befordring,21
udfordrer,21
kaldede,21
gierninger,21
sørge,20
forholder,20
virkninger,20
føres,20
laane,20
vanskelig,20
forsyne,20
faldt,20
ødelæggelse,20
syn,20
verdie,20
forlange,20
besidde,20
forsikret,20
udenrigs,20
anordninger,20
klager,20
stærk,20
fliid,20
gierder,20
landmanden,20
parter,20
indført,20
læs,20
fem,20
tilladelse,20
spørges,20
melk,20
nøyere,20
boe,20
erindre,20
høy,20
capital,20
levere,20
forraad,20
humle,20
længer,20
ventelig,20
blod,20
klæde,20
indtægter,20
maattet,20
hindre,20
anseer,20
lette,20
falske,20
huusholdings,20
bog,20
naade,20
forekomme,20
lovlig,20
omsorg,20
tabte,20
foregaaende,20
avlingen,20
raade,20
stille,20
dyrket,20
fordeelagtig,20
blotte,20
undvære,20
udfinde,19
46,19
fremgang,19
engelland,19
barn,19
majestæt,19
afskaffes,19
læse,19
glæde,19
betydenhed,19
tiender,19
vildet,19
haarde,19
høieste,19
nation,19
nogens,19
51,19
anstalt,19
indskrænkelse,19
eyendoms,19
møder,19
moder,19
paakommende,19
herligheder,19
53,19
regenten,19
udgiør,19
fordomme,19
flyder,19
erholde,19
daglige,19
begyndelse,19
borger,19
hospitaler,19
omstunder,19
trængende,19
á,19
syge,19
fælles,19
folkes,19
betragte,19
betragtninger,19
herlighed,19
embeder,19
47,19
tog,19
synderlig,19
thee,19
indføres,19
tillade,19
hinder,19
bruger,19
faaes,19
høi,19
anvendte,19
sælges,19
anmærkning,19
lider,19
huusmand,19
tvinge,19
forblive,19
spares,19
forbedringer,19
tillæg,19
hvorpaa,19
solgt,19
haaber,18
virke,18
opmuntring,18
bie,18
niels,18
leer,18
skolen,18
tænkte,18
vanskelighed,18
paalæg,18
agerbruget,18
trang,18
nationer,18
fælledskab,18
majestæts,18
bøndergods,18
smag,18
eieren,18
plante,18
private,18
værre,18
naadige,18
eiere,18
baand,18
erhverve,18
høst,18
taxt,18
torde,18
eyer,18
regnes,18
byes,18
bønderkarle,18
by,18
overlæg,18
godsets,18
fom,18
1000,18
tillades,18
52,18
creaturer,18
naae,18
uret,18
andensteds,18
fattes,18
kost,18
begyndte,18
vigtigste,18
passe,18
dernæst,18
befaling,18
hielper,18
øvrigt,18
sidde,18
levemaade,18
lit,18
avlings,18
slettere,18
aarets,18
nægte,18
bestride,18
fremmet,18
beholder,18
temmelig,18
lucinde,18
consumption,18
snak,18
legeme,18
vinter,18
slaae,18
drik,18
55,18
vidner,18
idelig,18
54,18
tilovers,18
49,18
godhed,18
folkene,18
behøvedes,18
maaden,18
tak,18
drikke,18
dommer,18
nødes,18
g,18
omstændighederne,18
viis,18
riig,18
fornødent,18
mening,18
vinder,18
offentlige,18
flittighed,18
bergarter,18
enhvers,18
eftertiden,18
handle,18
regnskab,18
faders,18
kongl,17
fremmed,17
uger,17
alletider,17
plov,17
be,17
ordentlige,17
ifald,17
anseelige,17
løbe,17
blevet,17
tusende,17
anlæg,17
gaardene,17
lærdom,17
fuldkommenhed,17
morgen,17
beqvemmeste,17
tørv,17
saaes,17
ald,17
meening,17
befaler,17
betænkningen,17
giorte,17
samling,17
anvendelse,17
krig,17
bøger,17
forretning,17
regel,17
dommeren,17
sigte,17
indførsel,17
menneskets,17
tillid,17
syntes,17
herimod,17
herskaber,17
betage,17
korte,17
ventes,17
træ,17
kiøbstæden,17
frygte,17
længst,17
redskab,17
behag,17
dom,17
beviist,17
indtægt,17
fordeelagtige,17
kiød,17
59,17
frygter,17
betientere,17
eyerne,17
vindes,17
skiønne,17
staaende,17
moden,17
udenlandske,17
beboerne,17
folkets,17
udgift,17
almuens,17
erstatte,17
legger,17
kiøre,17
forestiller,17
hovedgaarden,17
nærmeste,17
aaringer,17
høit,17
agerdyrkning,17
længde,17
otte,17
flittige,17
formerelse,17
dyrkelse,17
samtlige,17
bringes,17
dit,16
paabud,16
skiebne,16
frugter,16
lydighed,16
vedligeholdes,16
betænke,16
duelige,16
formenes,16
dreng,16
siig,16
2de,16
ældste,16
behandling,16
oplyst,16
hoved,16
trykker,16
sagte,16
indskrænket,16
forøget,16
ildebrand,16
ledige,16
trække,16
vilkor,16
flydende,16
ophævet,16
opholde,16
proprietæren,16
dyrkning,16
fandtes,16
værdie,16
eftersom,16
forlanger,16
indføre,16
vilkaars,16
døde,16
pige,16
flittig,16
koste,16
sielland,16
regner,16
mangle,16
lange,16
menneskenes,16
danmarks,16
dagligen,16
kalde,16
fornemme,16
fornødenhed,16
tilhører,16
kiør,16
takke,16
bekomme,16
hænderne,16
desværre,16
sandheden,16
fede,16
nævne,16
undværes,16
unægtelig,16
ulykkelige,16
stats,16
kyndige,16
undgaae,16
plantens,16
reiser,16
manden,16
aarligen,16
fortiener,16
slutning,16
sager,16
desmindre,16
forløb,16
hovnings,16
lærlingerne,16
tyve,16
regentens,16
handlinger,16
overbeviist,16
deeling,16
skikkelse,16
forskud,16
tærske,16
frugtbarhed,16
allernaadigst,16
eed,16
velhavende,16
halvt,16
underholde,16
bygninger,16
frit,16
endogsaa,16
besværlighed,16
oftest,16
gielde,16
regler,16
veien,16
undre,16
legemets,16
politiske,16
64,16
hermed,16
spise,16
trænge,15
øynene,15
spinde,15
gemeenlig,15
sæden,15
kiøbstæd,15
blandt,15
samtale,15
magelighed,15
skin,15
benytte,15
indsaae,15
viin,15
enfoldige,15
søgt,15
sandelig,15
forgieves,15
burte,15
sædekorn,15
derhen,15
foraaret,15
grøfter,15
laae,15
rigdomme,15
børnene,15
broder,15
ligemeget,15
øyensynlig,15
beroe,15
forøgelse,15
opførsel,15
63,15
saaet,15
redelig,15
vove,15
h,15
ubillig,15
væsen,15
tabet,15
bevægelse,15
58,15
indvaaneres,15
patrioter,15
væsentlige,15
farlige,15
lovene,15
hartkornet,15
fælleskab,15
ansvar,15
61,15
62,15
retfærdige,15
gift,15
beboer,15
hvormeget,15
nyt,15
tænkt,15
somme,15
tilstrekkelig,15
eyeren,15
søgte,15
arbejde,15
spare,15
ieg,15
betragter,15
forpagteren,15
dannefærd,15
ophøre,15
færdig,15
efterretning,15
hovedstykke,15
tænkes,15
alvorlig,15
forsikkret,15
veye,15
indvortes,15
dansk,15
56,15
pløye,15
føie,15
57,15
flyde,15
behagelig,15
præster,15
dennem,15
skyldige,15
rettens,15
gierning,15
retten,15
hindres,15
konges,15
herregaard,15
rigdom,15
hine,15
landmandens,15
læt,15
dyrt,15
hæves,15
kaste,15
bedste,15
undersaat,15
ex,15
menneskers,15
kiendelig,15
frembringe,15
herres,15
jords,14
salt,14
lille,14
proprietærer,14
tilstrækkelige,14
lærde,14
begriber,14
løs,14
erindrer,14
slutte,14
kiøn,14
lovlige,14
medborgere,14
forsæt,14
indbyggerne,14
erfaring,14
beregnet,14
fundet,14
kreature,14
ligne,14
fordeelen,14
skikke,14
voxe,14
hente,14
foged,14
iagttages,14
ont,14
anmærkninger,14
undergang,14
kloge,14
religion,14
befatte,14
pløie,14
uge,14
forbuden,14
grene,14
afhandling,14
hart-korn,14
ubillige,14
gifte,14
livet,14
forfarenhed,14
3die,14
proprietær,14
siel,14
vogn,14
befale,14
samles,14
timer,14
saafremt,14
ærlige,14
nødt,14
spørger,14
rum,14
føle,14
kierven,14
hellige,14
solgte,14
sigter,14
øvrighed,14
anseet,14
udgive,14
sogn,14
levnets-midler,14
agre,14
fæster,14
agt,14
medhold,14
skabte,14
født,14
luften,14
befriet,14
sikkert,14
syv,14
daler,14
bifald,14
karlen,14
tidens,14
afgiften,14
fod,14
magelæg,14
udrette,14
jorde,14
overflødige,14
vandt,14
oprindelse,14
formode,14
høyere,14
aarsagerne,14
flor,14
foering,14
legems,14
herskabets,14
vegne,14
hørte,14
skibe,13
vige,13
embede,13
oven,13
besværligheder,13
tieneste-folk,13
staaet,13
eens,13
døer,13
80,13
afskaffet,13
ført,13
ude,13
udkræver,13
foretages,13
enige,13
synd,13
eie,13
bringer,13
vaer,13
herfra,13
fugle,13
ædel,13
maaned,13
arbeydere,13
indvende,13
fortieneste,13
brugelige,13
forpagter,13
syvende,13
formaae,13
nyttigt,13
agerdyrkere,13
retfærdighed,13
formere,13
huuse,13
agtes,13
millioner,13
vundet,13
69,13
agerdyrkningens,13
tobak,13
huusholder,13
svage,13
retfærdig,13
undtagen,13
herregaards,13
dommere,13
forsigtighed,13
sammenhængende,13
stærke,13
classer,13
forhindre,13
forbi,13
skatterne,13
deles,13
begierlighed,13
landhuusholdningen,13
formindskelse,13
muelighed,13
fortælle,13
inde,13
procent,13
beskrivelser,13
huske,13
meldt,13
enge,13
tolv,13
rødder,13
fordrer,13
frugtbare,13
skieppen,13
bragte,13
disses,13
skoven,13
stærkere,13
paalagt,13
rente,13
hoveri,13
harve,13
agerbrugets,13
forbud,13
allehaande,13
fabriqver,13
skatters,13
hovedgaards,13
opfyldelse,13
indlade,13
jern,13
handler,13
kiøb,13
frembringer,13
setter,13
correspondent,13
mad,13
vanskelige,13
indskrænke,13
66,13
egennytte,13
sandheds,13
verdens,13
giørligt,13
henseender,13
skikkelig,13
hindring,13
kasse,13
almue,13
200,13
befordres,13
mangfoldige,13
stakkels,13
indeholder,13
indskrænkes,13
indbringe,13
1ste,12
beløb,12
forbemelte,12
udgang,12
taalelig,12
indsigter,12
virker,12
havende,12
fremme,12
egennyttige,12
evig,12
høiere,12
68,12
straffes,12
tids,12
kortelig,12
agerbrug,12
koner,12
hindringer,12
retteste,12
lærling,12
førstningen,12
befrygte,12
indfalder,12
modtage,12
formindske,12
søges,12
engeland,12
72,12
nøiere,12
livs,12
stal,12
naturligviis,12
erholdes,12
formeerelse,12
autor,12
rigsdalers,12
fogden,12
rigers,12
villighed,12
foranførte,12
vane,12
utallige,12
omstændighed,12
bærer,12
proprietairernes,12
danne,12
lærdt,12
ladet,12
brænder,12
avlingens,12
almindeliges,12
tildeles,12
haardt,12
godserne,12
lede,12
klasse,12
hannem,12
formodentlig,12
qvæget,12
magtpaaliggende,12
skoler,12
sagens,12
pris,12
bor,12
afkom,12
lærlinger,12
paris,12
grundet,12
ubekiendt,12
forvaltere,12
sikkerste,12
ægte,12
plads,12
foer,12
forbudde,12
tegn,12
opmaaling,12
modens,12
veltænkende,12
skiepper,12
lærerne,12
farvel,12
glade,12
lærere,12
trætte,12
forskaffes,12
beliggende,12
forlegen,12
dags,12
fiske,12
monark,12
træet,12
forfremmelse,12
frugtbarhedens,12
omgaaes,12
nationen,12
overmaade,12
livets,12
klart,12
beholdt,12
forfatte,12
ß,12
tvivler,12
interesse,12
sælger,12
besidder,12
70,12
vidtløftig,12
vogte,12
løb,12
inclusive,12
betient,12
parterne,12
vort,12
varme,12
svaret,12
haabe,12
fordum,12
forfædre,12
arbeidere,12
vorde,12
billige,12
forundring,12
saaer,12
brave,12
skieppe,12
enfoldig,12
formindskes,12
læser,12
hede,12
publici,12
redde,12
reen,12
kaldte,12
oeconomiske,12
æde,12
kiendt,12
alen,12
jordgrund,12
proportion,12
bare,12
selskab,12
gjorde,12
nedrige,12
antegnes,12
samler,12
trældom,12
befordrer,12
uindskrænket,12
skiøder,12
behandles,12
kong,12
tømmer,12
nære,12
skik,12
forøge,12
dyrere,12
udvortes,12
indrettes,11
forefaldende,11
lønne,11
nyttigere,11
formeente,11
rigtighed,11
sunde,11
fælled,11
farlig,11
nødvendighed,11
tiendens,11
forstanderen,11
gid,11
lyster,11
allerhelst,11
faren,11
kilde,11
bunden,11
anvises,11
opofre,11
rigere,11
forpagtere,11
begyndt,11
fædernelandet,11
giødningen,11
langs,11
gaaet,11
skadeligt,11
skrives,11
bryde,11
efterlevelse,11
forbinde,11
oplyse,11
ydes,11
frieheden,11
forsømt,11
prisen,11
anviisning,11
forretningerne,11
omtalte,11
beqvemmest,11
alvor,11
hist,11
bange,11
tegninger,11
nærværelse,11
gaarders,11
selveyere,11
bundne,11
p,11
høsten,11
franske,11
tit,11
qvæstion,11
uorden,11
anlegge,11
71,11
timelige,11
fiender,11
vold,11
giv,11
vind,11
maaske,11
maalet,11
anlægge,11
betænkninger,11
funden,11
nøyeste,11
velfært,11
borgerlige,11
producter,11
tilfreds,11
eiendommen,11
giøde,11
avle,11
haardere,11
mode,11
borgerne,11
sidst,11
fastsettes,11
planterne,11
haard,11
nytter,11
værk,11
dyd,11
allermindste,11
forbigaae,11
følelse,11
sende,11
hvi,11
degn,11
føye,11
erfares,11
tjeneste,11
erhvervede,11
kiøbstædernes,11
besværlig,11
siette,11
talte,11
67,11
igjen,11
forfaldne,11
dovenskab,11
bondekarl,11
daglønnere,11
usbek,11
73,11
trænger,11
befales,11
fyhn,11
ordre,11
vanskeligere,11
dyrkede,11
betragtes,11
underkastet,11
brøstfældighed,11
forsikre,11
usle,11
gjerne,11
65,11
inderster,11
ødeleggelse,11
ynske,11
fin,11
sindet,11
havet,11
underholdes,11
midt,11
faste,11
saare,11
mægtig,11
pløiet,11
landenes,11
anskaffe,11
spildes,11
geraade,11
dages,11
casse,11
tabt,11
tilbørlig,11
agter,11
fred,11
sund,11
indbringes,11
underviisning,11
hosbonds,11
indfæstning,11
publicum,11
nyelig,11
forbindelse,11
ophæve,11
ophæves,11
sild,11
philopatreias,11
kaldet,11
udvide,11
frugtbarheden,11
plage,11
nyere,11
besværligt,11
udgaaer,11
bestandige,11
isteden,11
udkomme,11
hob,11
fange,11
skole,11
anseeligt,11
formeener,11
fuldkomne,11
stund,11
bestandighed,11
forrettet,11
mister,11
tilsyn,11
5te,11
forsikring,11
skeede,11
tilforladelig,11
berg,11
vankundighed,11
stene,11
byerne,11
fortred,11
indvaanerne,11
savner,11
had,11
opføde,11
reise,11
skaden,11
forlov,11
svarede,11
forbundne,11
forbruges,11
hest,11
døden,11
hvorimod,11
fæderneland,11
velsignelse,11
vey,11
sparet,11
boende,11
almindeligt,11
tienlige,11
fødes,11
antager,11
75,11
1718,11
forekommende,11
udførsel,11
dyrker,11
74,11
huusmanden,11
forandringen,11
klasses,10
sygdommen,10
fiskerie,10
magten,10
ung,10
efterfølgende,10
bestræbelser,10
huusholdinger,10
konst,10
linnæi,10
gave,10
udfaldet,10
herremand,10
husbonden,10
vedkommendes,10
besynderlige,10
udredes,10
fortale,10
erstatning,10
eierne,10
omhue,10
hoben,10
flesk,10
foreslaae,10
tolden,10
treffer,10
tier,10
gierningen,10
fat,10
herr,10
urter,10
minde,10
feyler,10
blade,10
skede,10
slægt,10
enken,10
enkelt,10
afsætte,10
last,10
flags,10
dyrtid,10
oplyste,10
lyksaligheds,10
kostbar,10
duelighed,10
retsindige,10
overladt,10
forsøgt,10
fornærme,10
vant,10
betalte,10
upaatvivlelig,10
døe,10
menneskelig,10
regn,10
urigtige,10
fordeelagtigste,10
lovet,10
flytte,10
villig,10
troet,10
foranstaltninger,10
vidst,10
300,10
klagemaal,10
manglende,10
mos,10
forældre,10
foretagender,10
st,10
artikel,10
fornøielse,10
spildt,10
samvittighed,10
fornuft,10
efterlevet,10
arv,10
hovedgaard,10
konen,10
mennesket,10
kalk,10
forskiellig,10
varer,10
embedsmænd,10
nødvendigt,10
iagttage,10
penges,10
ældre,10
grøde,10
jordgrunde,10
lyksalig,10
processer,10
svaghed,10
aa,10
stræber,10
dovne,10
paatage,10
sprog,10
ukyndige,10
gielden,10
deelt,10
befalet,10
enden,10
kiendte,10
arbeid,10
tvivle,10
belønne,10
vande,10
aftagelse,10
engelske,10
arve,10
befinder,10
fastsette,10
sveed,10
inddeeling,10
anvendt,10
foraarsages,10
vedkommer,10
menneske-kierlighed,10
uleyligheder,10
klog,10
fuldt,10
bevare,10
hosbonderne,10
arvinger,10
rense,10
forklarer,10
forældrene,10
behandle,10
erter,10
hollænderne,10
lægge,10
forbydes,10
opdaget,10
giemme,10
martii,10
plantning,10
kiendelse,10
collegium,10
omkostninger,10
frankerig,10
mærkelig,10
sadt,10
efterkommere,10
tingene,10
undtagelse,10
egn,10
sygdomme,10
ulykkelig,10
dyrkes,10
lønnen,10
ethver,10
samtykke,10
agte,10
ond,10
tabes,10
allerfleste,10
tungt,10
agtet,10
forsømmes,10
mærker,10
maaneden,10
bier,10
hæve,10
6te,10
underhavende,10
forskiellen,10
aabenbare,10
vidtløftige,10
byrden,10
selskabet,10
forveien,10
opfylde,10
forlad,10
meldet,10
letteligen,10
karlene,10
anordning,10
farve,10
kanskee,10
mænds,10
forbudet,10
regierings,10
visselig,10
nyttigste,10
jordegodser,10
lignes,10
hosbonder,10
landes,10
hovningens,10
ulyksalige,10
mund,10
uendelige,10
benævnte,10
ødelagt,10
slaaer,10
grundsætninger,10
huset,10
lig,10
eye,10
faderlige,10
sammenhæng,10
smaat,10
arbeider,10
gevorbene,10
aag,10
duelig,10
betiente,10
inddeling,10
skygge,10
føler,10
bord,10
tvinges,10
misvæxt,10
misvext,10
aparte,10
uendelig,9
consumptions,9
ekonomiske,9
kar,9
anføres,9
fornødenheder,9
hefte,9
behager,9
mærke,9
afsættes,9
boepæl,9
beskyttelse,9
betydeligste,9
oftere,9
spurgte,9
cento,9
fattiges,9
leie,9
betydeligt,9
agerforfatning,9
natura,9
inddeelt,9
tjenestefolk,9
ommeldte,9
indfald,9
sætning,9
skam,9
udkomne,9
spørsmaale,9
besværlige,9
opbygge,9
fremvext,9
enfoldighed,9
bemelte,9
naadig,9
paastand,9
slaverie,9
fødestavn,9
meente,9
hovedgaardenes,9
faderen,9
lettelse,9
villet,9
patriotisk,9
opnaaet,9
baron,9
vindskibeligheden,9
slutter,9
provincer,9
o.s.v,9
forhindres,9
desmere,9
hovnings-fri,9
christne,9
snees,9
vorder,9
unyttig,9
mueligviis,9
trøst,9
hellig,9
handlende,9
sats,9
underkaste,9
ophielpe,9
legges,9
egentlige,9
blodets,9
stikker,9
tag,9
forbliver,9
est,9
bevæge,9
verdslige,9
bede,9
forarmede,9
fordre,9
kostet,9
besiddelse,9
viine,9
afgiort,9
blinde,9
fæstere,9
formener,9
indførte,9
standser,9
foreskrive,9
godsherren,9
undersøgelse,9
solens,9
avler,9
ægteskabe,9
beliggenhed,9
renterne,9
fortrolighed,9
gaaende,9
hunger,9
træets,9
betroet,9
anmerkninger,9
selskaber,9
sammenlignes,9
sædvanlig,9
vidtløftighed,9
sæde,9
snese,9
stæden,9
ej,9
skpr,9
hastige,9
forvolder,9
forandres,9
byers,9
sukke,9
papiir,9
besatte,9
mene,9
ploven,9
forskudd,9
favne,9
liveegenheden,9
afbildning,9
strækning,9
faldende,9
rare,9
lighed,9
derunder,9
døm,9
78,9
besynderlighed,9
formaaer,9
hiin,9
capitalen,9
overdaadighed,9
skovene,9
salpeterfødende,9
forbinder,9
salpeters,9
opmuntres,9
koe,9
natur-kundskab,9
besiddere,9
hed,9
handling,9
lovenes,9
usikkerhed,9
nægter,9
del,9
jagt,9
priser,9
vende,9
varighed,9
boghvede,9
fællesskab,9
umagen,9
foere,9
vext,9
udgivne,9
kortere,9
pligters,9
opfyldt,9
uordener,9
begribe,9
alders,9
forskrive,9
forleden,9
skill,9
mandskabet,9
nægtes,9
frankerige,9
credit,9
stater,9
kræve,9
lykkes,9
morale,9
farligere,9
kyndig,9
jordegods-eierne,9
luft,9
travle,9
jordegods-eyere,9
monne,9
langsom,9
regiere,9
udrydde,9
caffe,9
deeles,9
breve,9
landgilden,9
hovedet,9
rom,9
dependerer,9
fraliggende,9
undertrykke,9
immer,9
lyset,9
ligning,9
tredje,9
forpagtning,9
følgerne,9
drevet,9
mueligste,9
pen,9
jordegods-eiere,9
medføre,9
kiøbte,9
udenlands,9
gierde,9
overlades,9
efterlade,9
fornøyet,9
udholde,9
bedrøvelige,9
kiendes,9
fornærmes,9
fabriker,9
sommer,9
formeget,9
foretagende,9
latin,9
frugten,9
navne,9
krigs,9
komne,9
eftersee,9
skikkelige,9
medfart,9
ugen,9
redelige,9
frøken,9
ræt,9
sammenligning,9
eendeel,9
underkastede,9
77,9
fuldføre,9
laant,9
kunst,8
belønning,8
frøet,8
mestendeels,8
materien,8
formodning,8
revenue,8
silke,8
maaneds,8
betalning,8
efterlevede,8
nærmest,8
sinds,8
allermindst,8
indeholdende,8
træerne,8
erfarne,8
indførselen,8
vigtigere,8
fortærer,8
desverre,8
offer,8
næst,8
hverandre,8
inddeles,8
landvæsens,8
retskafne,8
løse,8
blandet,8
lærlingernes,8
opfinde,8
værdige,8
villige,8
liderlighed,8
begierer,8
omkomme,8
ukyndig,8
behage,8
indretningen,8
natur-lære,8
spanien,8
gyldige,8
skarn,8
befalede,8
rolighed,8
troede,8
efterladenhed,8
sædvane,8
aften,8
savnes,8
besaaes,8
fælleskabets,8
hviler,8
naadigste,8
herind,8
trykke,8
rugen,8
uvished,8
raae,8
forunderlig,8
tydskland,8
forfattende,8
anslag,8
tales,8
kilder,8
indvendes,8
levet,8
oprette,8
pragt,8
øvelse,8
elementerne,8
husbonder,8
omhyggelig,8
fremsatte,8
sandheder,8
kornvahre,8
pløyning,8
creatur,8
76,8
sines,8
tredobbelt,8
grundig,8
tiltage,8
imodtage,8
legemet,8
christian,8
huusmænds,8
sælskab,8
udbringe,8
fremføre,8
officerer,8
indbyggernes,8
imedens,8
manges,8
febr,8
herregaardenes,8
møller,8
slettedaler,8
lygtemænd,8
uvis,8
forenede,8
utaalelig,8
oprigtige,8
toe,8
pløining,8
afskaffe,8
alvorlige,8
byernes,8
afgiøre,8
arvefæster,8
afgang,8
fælledskabet,8
halm,8
uvillige,8
udgivter,8
overgik,8
bestyrelse,8
forstrække,8
materialier,8
tilveyebringe,8
nat,8
iver,8
hamborg,8
færdige,8
selveiere,8
misbruge,8
uformuende,8
besørger,8
skyldighed,8
ploug,8
rose,8
gaver,8
tønders,8
bekjendt,8
indvaaners,8
haardeste,8
1/2,8
oprettes,8
afgrøden,8
beregnes,8
titel,8
usynlige,8
frisk,8
tvert,8
uheld,8
eyendomme,8
verre,8
lyd,8
indvaanernes,8
bag,8
caution,8
troskab,8
overbeviisning,8
savne,8
bierget,8
fremsætte,8
betyder,8
elske,8
absolut,8
holdet,8
udgiøre,8
fine,8
godsherrerne,8
melde,8
ubeqvem,8
avles,8
10de,8
forsømmelse,8
accord,8
christelige,8
doven,8
dyrs,8
dyrtiid,8
forbrydelse,8
høyagtelse,8
miil,8
kiær,8
kiøbmænd,8
lyng,8
handles,8
indflydelse,8
aabner,8
efterhaanden,8
begaaet,8
sidder,8
røre,8
urigtig,8
nn,8
haft,8
skiøndt,8
norges,8
huusmændene,8
opfindelser,8
fuldmægtig,8
lærte,8
arter,8
opvække,8
kundskabs,8
indbringer,8
stæd,8
forening,8
medlidenhed,8
bevises,8
hielpes,8
brødet,8
rasende,8
forsynede,8
behørige,8
øyeblik,8
afgivt,8
nødte,8
udbygninger,8
levebrød,8
fore,8
holsteen,8
forbyder,8
afgive,8
fælleds,8
opnaae,8
kiedel,8
plouge,8
æres,8
dec,8
nødvendigheden,8
privat,8
afskye,8
pligtige,8
1772,8
uvisse,8
rig,8
kronen,8
herreds,8
undersøgt,8
redning,8
udregne,8
forsørge,8
skaar,8
kierlige,8
uovervindelige,8
commission,8
befinde,8
befordret,8
tiende-tagerne,8
fastsættes,8
upartiske,8
godses,8
raadne,8
degnen,8
berige,8
forbedret,8
føden,8
brugen,8
overværelse,8
fæstede,8
skatten,8
klogskab,8
behørig,8
dør,8
belønninger,8
udøvelse,8
stiftelser,8
slæbe,8
frembragt,8
herskende,8
allerførst,8
formænd,8
godsernes,8
føder,8
tiider,8
sinde,8
rixdaler,8
lønne-sæd,8
antaget,8
formand,8
afvigte,8
kalve,8
ride,8
overtale,8
hierter,8
gaardmænd,8
fastsætte,8
gjøres,8
klagemaale,8
meeninger,8
bygningen,8
kongel,8
antages,8
bierge,8
spæde,8
betænker,8
engbund,8
løfte,8
fordres,8
spilde,8
ageren,8
piger,8
lispund,8
dreven,8
moser,8
agerdyrknings,8
hav,8
mile,8
rigtige,8
plante-riget,7
stræbsomhed,7
nylig,7
fædrenelands,7
samlinger,7
reyse,7
samlende,7
eiendele,7
qvægsygen,7
optegning,7
erfaren,7
retter,7
forklaringer,7
træers,7
strider,7
gaardmanden,7
nærheden,7
tamme,7
elendige,7
hoved-gaarden,7
overgaaer,7
proces,7
fremkomme,7
rigelig,7
foeringen,7
ne,7
herredømme,7
mørke,7
overlader,7
datter,7
lønner,7
nydelse,7
misbrugen,7
slippe,7
tørres,7
time,7
korn-priser,7
omhyggelighed,7
simpel,7
almindeligste,7
kjøbenhavn,7
ungdoms,7
ubekiendte,7
stoed,7
glad,7
tingenes,7
jordbruget,7
blomster,7
befries,7
lignende,7
foredrages,7
ømhed,7
bedømme,7
papiret,7
tienligt,7
hoverie-bønder,7
landsmænd,7
fortient,7
soldaterne,7
materier,7
aarhundrede,7
ark,7
høstens,7
dristighed,7
befrie,7
fode,7
renten,7
tilveiebringe,7
levnet,7
udviisning,7
bestemmer,7
steen-riget,7
underrettet,7
bod,7
hoved-gaardens,7
forfølge,7
herremandens,7
falsk,7
medens,7
beder,7
fornemmeste,7
steen-gierder,7
galt,7
tilfalde,7
førte,7
eragtes,7
anstille,7
virkningsmaader,7
400,7
hialp,7
fogdens,7
hold,7
besvarelse,7
tildeelt,7
handlet,7
fuldstændig,7
hunde,7
behandlet,7
trækker,7
fortalt,7
indtage,7
huusholdings-kunsten,7
udtrykkelig,7
tagelse,7
tillagt,7
læst,7
bygget,7
amtstuen,7
sildig,7
leiligheder,7
billigste,7
herlig,7
foragt,7
lønnes,7
forsømme,7
hollænderier,7
tydske,7
anbefalede,7
ørkesløshed,7
moradser,7
taaler,7
plat,7
vox,7
sikkerlig,7
undersaattere,7
tunge,7
fornærmede,7
kroemand,7
vidne,7
forklare,7
herskaberne,7
forlovelse,7
publico,7
monopolium,7
styre,7
allerstørste,7
klagen,7
kornets,7
fordrede,7
udsatte,7
betroede,7
ulovlig,7
lave,7
desuagtet,7
beboernes,7
forretningen,7
øye,7
tydelige,7
eenfoldige,7
ædle,7
nedlæggelse,7
forebygge,7
maaneder,7
lygtemænds,7
præstens,7
tinge,7
hyrde,7
udfindes,7
billede,7
upartisk,7
indskrives,7
jordbrug,7
roelighed,7
ansaae,7
skiønner,7
ødeleggende,7
tilkiende,7
skylden,7
procurator,7
julii,7
overkomme,7
fordrive,7
tiende-tageren,7
hegne,7
bogtrykkerie,7
form,7
huusmands,7
lagde,7
fædrenelandet,7
aae,7
hjelp,7
spille,7
capitaler,7
ansvarlig,7
beklage,7
fordervelse,7
modeller,7
rætte,7
pladsen,7
historie,7
jagten,7
tiltrædelse,7
indhegning,7
sparer,7
mose,7
kongerne,7
overtyde,7
faavel,7
holdelse,7
selge,7
efterretninger,7
foretaget,7
aand,7
consumptionen,7
ondskab,7
beviise,7
anskaffes,7
hørende,7
sædegaards,7
kolonier,7
fortiente,7
chinesiske,7
børns,7
forvalterens,7
betænkes,7
ekonomister,7
tilbørlige,7
forhøyelse,7
gienpart,7
modsige,7
hersker,7
øve,7
fæstebrev,7
hænger,7
beløber,7
forpagterens,7
erindringer,7
undersøger,7
forandret,7
formanden,7
godsers,7
gjort,7
hænders,7
fødte,7
skader,7
bedrage,7
mesten,7
yderlig,7
høist,7
hovnings-penge,7
billigheden,7
indsees,7
døren,7
conservation,7
italien,7
fortænke,7
viide,7
fordeels,7
ning,7
medfører,7
indbildning,7
godsherre,7
miød,7
aaben,7
kreaturers,7
kor,7
udvælge,7
uduelige,7
uleilighed,7
forhverve,7
nordlige,7
besvære,7
borde,7
skiel,7
stutterier,7
projecter,7
befundne,7
forældrenes,7
fiskeriet,7
hast,7
undersaatters,7
elsket,7
ærbødighed,7
betænkt,7
execution,7
træe,7
erindring,7
uformuenhed,7
vanheld,7
retskaffen,7
føiet,7
regnet,7
indbildt,7
handtlangere,7
udført,7
umiddelbar,7
skrit,7
china,7
romerske,7
transport,7
forandrede,7
tropper,7
grændserne,7
høster,7
ubehagelige,7
udseende,7
standen,7
redelighed,7
forhandling,7
ventet,7
gribe,7
fierdedeel,7
næringen,7
besvare,7
afhielpes,7
følges,7
skrev,7
bygnings-tømmer,7
forplante,7
kunnet,7
uvidenhed,7
handelens,7
jan,7
berettiget,7
forekommer,7
adspredelse,7
fæstebreve,7
træder,7
tilsiger,7
befalinger,7
antagelse,7
r,7
umuligt,7
anfører,7
gemeenligen,7
strækker,7
forekommes,7
sammesteds,7
veiene,7
forhindrer,7
gyldighed,7
fordervelige,7
tønd,7
island,7
venteligen,7
indkomst,7
skiønnes,7
skovenes,7
bær,7
contracter,7
hs,7
forvolde,7
vidnesbyrd,7
anordnede,7
oprettet,7
undertrykkes,7
gotgiøre,7
betages,7
bonder,7
udgives,7
befunden,7
standse,7
svære,7
opmuntringer,7
allerbeste,7
daarlige,7
bøndergaardene,7
udyrkede,7
kirker,7
fattigt,7
herremænd,7
forfattede,7
naboe,7
desbedre,7
udsøge,7
naturligt,7
stræbsomme,7
maale,7
hoverie-penge,7
fyen,7
indeholde,7
indfaldende,7
kaar,7
sigende,7
beløbe,7
proportioneret,7
skole-kassen,7
creditorer,7
leyligheder,7
fortrin,7
ødeliggende,7
hovningsfrie,7
evige,7
oversee,7
fanden,7
pladser,7
befandtes,7
afbyggere,7
rive,6
fuldbyrdelse,6
foster,6
samtlig,6
deelen,6
hemmelig,6
fogder,6
brugende,6
indage,6
foran,6
slaget,6
honning,6
feyle,6
forandrer,6
ufuldkommen,6
overflødig,6
salig,6
stutterie,6
ophielpes,6
ophæver,6
kymisten,6
forpagtet,6
stranden,6
hefter,6
hemmeligheder,6
straxen,6
oppebærer,6
leveres,6
fordeelagtigt,6
bekostelige,6
feiler,6
fælledsskab,6
udsat,6
tilig,6
byder,6
item,6
jordiske,6
hamp,6
fisk,6
asien,6
spanske,6
rommerne,6
arbeydsomhed,6
øren,6
understøttelse,6
nogenlunde,6
herskabs,6
foreskrevne,6
forstod,6
fornøye,6
velstands,6
modsigelse,6
virket,6
undrer,6
frugt-træer,6
beqvemt,6
lejligheder,6
biergede,6
sædegaarde,6
uvedkommende,6
2den,6
rov,6
gierningers,6
urimeligt,6
formerer,6
hemmelige,6
førelse,6
bondekarlen,6
vindskibelige,6
tønden,6
sundt,6
græsse,6
creditorerne,6
husenes,6
ugudelige,6
fædrenelandets,6
ii,6
qvæg-sygen,6
ligget,6
geraader,6
trængte,6
fornuften,6
nævner,6
umistelig,6
overgive,6
3de,6
aabnes,6
amerika,6
mindelighed,6
foreening,6
geistligheden,6
ingensteds,6
efterfølgeren,6
fastsatte,6
pløier,6
beqvemmeligst,6
udelukke,6
munden,6
brændende,6
umistelige,6
erindret,6
sædeland,6
gunstige,6
religionen,6
udvey,6
halvparten,6
bergarternes,6
kiøbenhavns,6
manufakturer,6
afgjort,6
contribuere,6
tie,6
arveparter,6
livstid,6
begaae,6
forsvarlig,6
lover,6
henlagt,6
colonier,6
høe-høsten,6
nydt,6
antallet,6
muligt,6
indretningers,6
tillægger,6
lemmerne,6
landstrækning,6
vedblive,6
slesvigske,6
qvæles,6
jydske,6
blæser,6
gierdet,6
friske,6
grøft,6
soel,6
sielens,6
forlovet,6
undersøges,6
overlast,6
dumme,6
magelig,6
tilfulde,6
skrøbelig,6
qvæler,6
handtering,6
blomstrende,6
støder,6
medborger,6
slaveri,6
forhadt,6
venter,6
forundt,6
nøden,6
sure,6
øie,6
spil,6
regningen,6
voldsom,6
ordsprog,6
tilstæde,6
binde,6
opdage,6
dunster,6
lærlingers,6
hiertet,6
kulde,6
forestilling,6
indkomsterne,6
fortære,6
skaffer,6
næremidlers,6
forbruge,6
udfordrende,6
antagonist,6
drevne,6
tilbøyelighed,6
pigerne,6
ordsproget,6
unde,6
givne,6
overflod,6
nesten,6
forberørte,6
indskrænkede,6
adspredt,6
etablissementer,6
efterskrevne,6
vares,6
tive,6
optage,6
frier,6
forseelse,6
bestyre,6
behagelige,6
mægtige,6
ubunden,6
afhielpe,6
nøyes,6
tort,6
raadgivere,6
desforuden,6
opbyggelse,6
alderdom,6
værdighed,6
forsvare,6
befrielse,6
sessionen,6
forestaaende,6
svækker,6
anbragt,6
bekymre,6
mildere,6
lydig,6
oprettede,6
tredive,6
skabe,6
paalegges,6
sognet,6
leve-brød,6
historien,6
bekostelig,6
pennen,6
stærkeste,6
forhøye,6
førstes,6
erholdte,6
sæde-korn,6
skatte,6
afhandlinger,6
ligesaameget,6
hines,6
fæstet,6
villigheder,6
medborgeres,6
indbilde,6
raabe,6
opvartning,6
svigersøn,6
vissere,6
umuelighed,6
fortryde,6
as,6
bøndergodset,6
giødet,6
lægges,6
velsignet,6
foretager,6
udrede,6
troelig,6
ulyksalig,6
manufacturer,6
pas,6
besaae,6
assistere,6
erfaret,6
veyene,6
virkende,6
nb,6
bund,6
1770,6
nidkierhed,6
slæb,6
vedtægter,6
tjene,6
viid,6
styrelse,6
drenge,6
undsætning,6
bønner,6
profit,6
metaller,6
angivelse,6
bedst,6
tilfælles,6
nationens,6
iagttaget,6
tjenlig,6
diger,6
udøve,6
fortalte,6
sidstes,6
underretning,6
betager,6
indseet,6
hovnings-bonden,6
pleye,6
ønskelig,6
skylder,6
ledes,6
liebhabere,6
levnetsmidler,6
forarmet,6
dømmes,6
hierne,6
fæde-vare,6
korthed,6
arbeyd,6
nærings-veye,6
mændene,6
bestandigt,6
allerbest,6
indvending,6
skikkede,6
betle,6
hund,6
hemme,6
farbroder,6
indfæste,6
regimenter,6
rundt,6
tykke,6
gierrige,6
udyrket,6
forstaaes,6
tyran,6
tvungen,6
raader,6
forsømmer,6
ild,6
forskiellighed,6
mage,6
udvidelse,6
tilveyebringes,6
haandverksmand,6
tiggere,6
smukt,6
maadelig,6
grund-eieren,6
skaberen,6
svækkede,6
indhegnede,6
elsker,6
vitløftig,6
hoveries,6
velfærdt,6
ulovlige,6
forstaaelse,6
beleilig,6
slipper,6
contract,6
creaturerne,6
parten,6
henføres,6
ydermere,6
kroemanden,6
forsøge,6
fiende,6
voxne,6
bestrides,6
tydeligen,6
kirkerne,6
lam,6
forfattere,6
bergen,6
vidende,6
1769,6
besætningen,6
auling,6
nødsfald,6
geistlige,6
omkostningerne,6
familiers,6
begiering,6
pløies,6
skridt,6
virksomhed,6
vær,6
tilfældige,6
amtmand,6
forfærdige,6
forsikrer,6
afgaae,6
prøvelser,6
vedbørlig,6
erklæring,6
mældt,6
huusholdningen,6
sæt,6
brav,6
bryder,6
dine,6
bytte,6
gemene,6
brede,6
bønder-gaarde,6
sold,6
misundelse,6
huusholdings-kunst,6
guddommelige,6
nulla,6
lodde,6
fortæring,6
kiøbes,6
gierrighed,6
hingst,6
ruinerede,6
begive,6
stedets,6
bekosteligt,6
indhegnet,6
bortføre,6
bestaaende,6
bedømmes,6
jordbrugere,6
kroner,6
bortliggende,6
konger,6
ostindien,6
peder,6
skriftet,6
fienden,6
paalidelig,6
forøges,6
erholdelse,6
engene,6
proprietarier,6
district,6
stamme,6
deriblant,6
roden,6
anmerkning,6
uanseet,6
drager,6
hjelpe,6
forarbeyde,6
reyser,6
grundede,6
tillad,6
vises,6
skyldig,6
indvaaner,6
kammeret,6
fælleskabet,6
faldet,6
spor,6
benaadninger,6
skaberens,6
hensigtende,6
farligt,6
efterkomme,6
tilholde,6
paaskud,6
træk,6
tiders,6
sparsommelighed,6
herskabernes,6
fæste-bønder,6
ruineret,6
vært,6
lodseiere,6
møye,6
fæstebrevet,6
varsomhed,6
sum,6
bondestand,6
commissionens,6
forfald,6
indsendte,6
spanierne,6
planer,6
udveye,6
eyede,6
linie,6
tilgode,6
folks,6
feede,6
møie,6
kiøbmand,6
lyksalige,6
tænk,6
ufeilbarlig,6
udgivet,6
bark,6
anordnet,6
stikpenge,6
ansatte,6
ordet,6
fordervet,6
foraarsaget,6
færre,6
skyde,6
beskrivelse,6
paalægges,6
undersaatternes,6
frivillig,6
riigdom,6
fornøiet,6
ommelte,6
sulte,6
beskylde,6
persons,6
landmands,6
muld,6
leverer,6
korn-priserne,6
tide,6
salighed,6
lukke,6
landvæsen,6
forbuddet,6
giæstebuder,6
jevnlig,6
sammenligne,6
tilkiøbs,6
mængden,6
dybe,6
auction,6
uvist,6
nære-midlers,6
uleiligheder,6
umyndige,6
udgifterne,5
skiule,5
haandværk,5
ultra,5
sad,5
tieneren,5
børnenes,5
etablere,5
kornvare,5
vahres,5
øvrigheden,5
hyæne-jagt,5
fabriquer,5
landene,5
vandel,5
tydeligere,5
tidlig,5
solen,5
haande,5
vedbliver,5
siels,5
salg,5
dømmer,5
forbie,5
korteligen,5
kongers,5
mynt,5
uretfærdig,5
aftage,5
skats,5
dobbel,5
grumme,5
hof-bogtrykker,5
skiøde,5
arrak,5
haabet,5
fælledskabets,5
kjøbe,5
undersøgninger,5
vanære,5
nøder,5
forlader,5
godvillig,5
undertrykkelse,5
hvorhos,5
priselige,5
væsentlig,5
strid,5
virkede,5
stands,5
bonitet,5
stryge,5
delene,5
bemidlede,5
taer,5
adskillelse,5
tælge,5
vurdering,5
uryggelige,5
sædegaardene,5
viiste,5
forbrugende,5
underskriver,5
indhegnes,5
brændeviins,5
skikkelighed,5
grundes,5
fornærmet,5
foranstalte,5
may,5
skp,5
naaes,5
udretter,5
redskabers,5
bestræbelse,5
sommer-forretningerne,5
bagere,5
kraftigste,5
gemeene,5
bekiendtgiort,5
bogs,5
jordegodses,5
nævnes,5
lutter,5
philopatrejas,5
duer,5
svin,5
livegne,5
lønnede,5
norsk,5
talg,5
svamper,5
mangt,5
hoverie-bonde,5
nødvendigheder,5
eftergive,5
families,5
glemmer,5
dyre-riget,5
beskaffen,5
nødlidende,5
100de,5
huusfader,5
klippe,5
fielde,5
tørt,5
islandske,5
ubetænksom,5
forvaltning,5
aabne,5
besad,5
anførsel,5
holdte,5
fremsette,5
gruber,5
indestaae,5
grove,5
svenske,5
kapitaler,5
skreven,5
nationers,5
himmelen,5
stakler,5
hensigten,5
student,5
tingsvidner,5
nærings-kilder,5
samlelse,5
værdig,5
uundgiengelig,5
res,5
fredes,5
velfærts,5
cirkel,5
nations,5
kiert,5
husker,5
bidrage,5
tvil,5
opnaaes,5
ubestemt,5
underdanigst,5
rimelige,5
tankers,5
kræver,5
indrettede,5
vægt,5
kunster,5
erkiendtlighed,5
retsindigt,5
bebyrdet,5
værdien,5
fremmedes,5
skrøbelige,5
ejer,5
lovede,5
stik,5
skib,5
tilbøyeligheder,5
ugedags,5
fyrgetyve,5
meeste,5
opdragne,5
forebygges,5
nys,5
120,5
gaardmændene,5
kiedler,5
mødte,5
paabydes,5
sorg,5
forhvervet,5
sogne,5
studeringer,5
bedrager,5
allerhøyeste,5
sundhed,5
betynget,5
grundleie,5
bekient,5
drev,5
begierlig,5
vundne,5
vælge,5
bad,5
erholdende,5
salarium,5
plougen,5
roed,5
ger,5
avlet,5
tigge,5
egenkierlighed,5
handels,5
indsigelser,5
skilsmisse,5
merke,5
angest,5
søe,5
overværende,5
forordningens,5
arbeids,5
ovenmeldte,5
fingre,5
fraværende,5
paalegge,5
anstændig,5
støde,5
ærlighed,5
formeeres,5
retsindig,5
beqvemmere,5
veiledende,5
vikker,5
creaturene,5
østlige,5
overflødigt,5
billeder,5
glimrende,5
stricte,5
tiltager,5
kiøbmanden,5
attest,5
indbildte,5
skoe,5
fuldstændigere,5
tærskningen,5
udryddes,5
forrettes,5
materiers,5
forstaaeligt,5
moderation,5
planters,5
rettelig,5
herover,5
vedvarer,5
tankerne,5
fødsel,5
mueligen,5
farligste,5
bogstaver,5
grundsætning,5
værks,5
erfare,5
nar,5
tilkiøbe,5
alleeneste,5
februarii,5
oprørisk,5
forudfattede,5
maalestok,5
partiskhed,5
vid,5
rimelighed,5
forelagte,5
tjent,5
urigtighed,5
indbyggeres,5
given,5
opkiøbe,5
tilhøre,5
høstes,5
officererne,5
stænders,5
overeensstemmende,5
landmaalning,5
skamme,5
ødelægge,5
inddeelte,5
afbetaling,5
unddrage,5
landstrækninger,5
opstand,5
fuldkomneste,5
skabt,5
fortsættelse,5
bedrøvelse,5
forvandling,5
drukkenskab,5
hvilet,5
skifterne,5
erhvervet,5
kiære,5
faldne,5
forbedrede,5
indvendinger,5
udsue,5
theoretiske,5
klages,5
januar,5
velsignede,5
indblandet,5
ligevægt,5
staters,5
udførelse,5
opsætte,5
beslutning,5
ubilligt,5
jorddrotten,5
unødvendig,5
tyr,5
svag,5
grundvold,5
modstand,5
souverain,5
herske,5
himlen,5
tusind,5
tillægge,5
herredsfogden,5
træde,5
bedragerie,5
syg,5
bæres,5
behandlings,5
kiøbstædmanden,5
berørte,5
hug,5
anpart,5
rører,5
bester,5
efterlader,5
natten,5
ligefuldt,5
fattigere,5
gaardenes,5
kiol,5
lægemidler,5
betyde,5
beskikkede,5
hovfrie,5
sørget,5
billigen,5
contrarium,5
gr,5
overgaae,5
forsynes,5
tung,5
resolution,5
slegt,5
grasserende,5
pan,5
betiener,5
ligner,5
meninger,5
glands,5
vaad,5
insekter,5
prædikestolen,5
øyensynligt,5
hestene,5
roes,5
desformedelst,5
overilet,5
erfaringer,5
opholder,5
selvsamme,5
ministre,5
michels,5
skiønsomhed,5
reformation,5
stad,5
nærings-saft,5
tørvemaal,5
lyksaligste,5
lønnemaade,5
viisdom,5
bistand,5
indpas,5
sletteste,5
tidlang,5
kaal,5
ongefær,5
inderlig,5
mangelen,5
overlegen,5
skikket,5
flige,5
sædvaner,5
nedsætte,5
fornuftigt,5
patron,5
frelse,5
banqve,5
retsindighed,5
publiqve,5
besvares,5
udsette,5
lagte,5
uleylighed,5
efterleverske,5
forrente,5
godiches,5
rdr,5
historier,5
majestet,5
frugterne,5
hyrder,5
eftersyn,5
aldeeles,5
stift,5
suur,5
ufrie,5
brøstfældigheden,5
forvisset,5
nødtørftige,5
barken,5
moderen,5
fattighuuse,5
sildigere,5
flaae,5
forsvinder,5
nogles,5
bergens,5
tilpas,5
kina,5
grundene,5
blandede,5
qvæ,5
steene,5
antagne,5
thiele,5
fraliggenhed,5
snakke,5
artikler,5
vederfares,5
fatte,5
societet,5
fordringer,5
matroser,5
bestilt,5
aflegge,5
besørge,5
nationale,5
opsøge,5
150,5
nødsaget,5
stiftelse,5
forfædres,5
formoder,5
røber,5
mildhed,5
lodsejere,5
fuldstændige,5
behov,5
erstattes,5
linier,5
slid,5
america,5
begges,5
tilvisse,5
erkiende,5
forskiællige,5
harver,5
idelige,5
hollænderie,5
allesammen,5
stridende,5
tingen,5
besværing,5
magazin,5
ubehindret,5
nærværelsen,5
gammelt,5
totale,5
praxin,5
prise,5
ufeilbar,5
broders,5
soldaten,5
huusfolk,5
gavnlig,5
udgravning,5
gavnlige,5
tillagde,5
fc,5
produkter,5
elementernes,5
yttret,5
ufornødent,5
uroe,5
simple,5
elementer,5
rimeligt,5
forbudne,5
enker,5
anvender,5
udkræves,5
verk,5
rdlrs,5
domme,5
standset,5
tiltagelse,5
bryllup,5
tilbyde,5
april,5
beqvemhed,5
bekom,5
indsigtsfulde,5
svang,5
paastaaes,5
korn-høsten,5
hjelpemidler,5
kiendetegn,5
inddele,5
aftager,5
bekymringer,5
tydeligste,5
administration,5
nuværende,5
politik,5
søde,5
politisk,5
læsning,5
anlagt,5
tælle,5
understytte,5
begyndes,5
fonds,5
egennyttighed,5
hjemme,5
giæs,5
leier,5
forfærdiges,5
markernes,5
landsbyerne,5
regierende,5
bekymring,5
samtaler,5
dyb,5
allerringeste,5
læremester,5
vexelviis,5
oprettelse,5
afgifts-maade,5
skoles,5
indenlandske,5
tøyle,5
raadet,5
yngel,5
godtgiøre,5
forholdes,5
forsikkrer,5
overtydet,5
kaaber,5
tørre,5
personers,5
potates,5
begivenheder,5
stæderne,5
bergarters,5
porcelain,5
afdøde,5
tilkomme,5
gaardmand,5
uimodsigelig,5
senesaft,5
krop,5
udvalgte,5
allerførste,5
stulle,5
holsteenske,5
bryggere,5
soelskin,5
overbevise,5
huusmandens,5
drikkes,5
majestets,5
erholte,5
angive,5
formodes,5
foragtelige,5
fransk,5
midlerne,5
vestindien,5
legem,5
fæste-bonde,5
udvise,5
haandværker,5
øverste,5
monsieur,5
indtrædelse,5
frieheds,5
levnets,5
baaret,5
fødder,5
tøndes,5
vaade,5
profession,5
høres,5
sorte,5
vaner,5
konster,5
skille,5
mistet,5
indseende,5
99,5
herkomst,5
udfordre,5
1768,5
ugifte,5
værelse,5
uskyldige,5
fortrædeligheder,5
veyrligt,5
fremfor,5
bar,5
inventarium,5
universitet,5
berede,5
gage,5
mangesteds,5
absolute,5
hindret,5
sætningers,5
sverrig,5
engbond,5
dagbog,5
indkomme,5
tildragelse,5
hastigere,5
skiftes,5
tidt,5
øinene,5
taus,5
ostindiske,5
lods-eyere,5
sammenblanding,5
ager-jord,5
borgerlig,5
forvirret,5
ihiel,5
sender,5
hoverie-bonden,5
behold,5
hændet,5
derforuden,5
indhegne,5
studium,5
bekiente,5
sedler,5
adskilte,5
æder,5
fag,5
meenige,5
bemeldte,5
visseste,5
erobringer,5
bande,5
ævig,5
j,5
juridiske,5
vang,5
eenig,5
pr,5
reede,5
berøre,5
almagts,5
loftet,5
ødelæggende,5
flyttes,5
tienligst,5
frugtbar,5
græsset,5
land-korter,5
bygger,5
sætnings,5
rente-kammeret,5
magter,5
udvalgt,5
ufrugtbar,5
laaner,5
støtte,5
autors,5
agtede,5
øyemærke,5
opdrage,5
hovedgaardene,5
sluttet,5
forødet,5
stridige,5
taalmodighed,5
anhøre,5
berettigede,5
klipper,5
pile,5
forfalden,5
begieres,5
fæeavl,5
utalligt,4
unaturlig,4
udage,4
tilholdes,4
lettet,4
sildene,4
underviser,4
munterhed,4
stald,4
yngste,4
binder,4
huller,4
ufornøden,4
kroemændene,4
herregaardens,4
forommelte,4
trykken,4
tegningers,4
paasee,4
opskrue,4
vendte,4
verket,4
general,4
ledig,4
indblanding,4
grader,4
erklæret,4
forladelse,4
velgaaende,4
henhørende,4
tyk,4
iverksættelse,4
stiftelsens,4
trøste,4
baronens,4
pleie,4
eiernes,4
forføre,4
ilden,4
anventes,4
strække,4
kiøbmænds,4
utilstrækkelig,4
opfødt,4
slaveriet,4
kongsberg,4
bekiendtgiørelse,4
adspredte,4
henhører,4
forvirrede,4
tvers,4
bornholm,4
bergværker,4
friderich,4
frost,4
høysalig,4
ømmeste,4
regnede,4
sydlige,4
vildfarende,4
tørveskiær,4
ubrugelig,4
levede,4
steenriget,4
huusholdingens,4
endes,4
gulvet,4
gies,4
berøve,4
tilfælder,4
besaaet,4
vægter,4
tilhold,4
udtænke,4
begierte,4
skikkelsens,4
næstes,4
sigtet,4
fort,4
pine,4
paaligger,4
overeenstemmende,4
foraar,4
læres,4
vandenes,4
fælleskabs,4
heeder,4
gienparter,4
formindsket,4
skipper,4
michelsdag,4
seneste,4
opdagelse,4
huses,4
beqvemmeligheder,4
menneske-ven,4
græsningen,4
magre,4
dato,4
forefalder,4
kiøbs,4
reisen,4
vred,4
istandsættelse,4
myndige,4
fuldførelse,4
overflade,4
forene,4
ødelægger,4
manglerne,4
længden,4
forfattet,4
sildige,4
udfordredes,4
skriv,4
terske,4
land-etaten,4
blottes,4
stride,4
sælskabet,4
umyndiges,4
knap,4
aaer,4
retfærdigste,4
chicanere,4
sinkelse,4
eyendommen,4
eyernes,4
udbetale,4
province,4
forhindret,4
ods-herred,4
neml,4
aflægge,4
restance,4
eiede,4
uværdige,4
demonstrere,4
daarlighed,4
kammer,4
flet,4
forhøjelse,4
clima,4
dagleyere,4
skillinger,4
givende,4
forsvandt,4
holden,4
fordervede,4
forknyttet,4
gyldne,4
øyemed,4
bierne,4
banken,4
begreber,4
krigens,4
fremvise,4
raison,4
huder,4
brændeviinsbrænden,4
hovedsagens,4
jage,4
saaede,4
herlighederne,4
dagviis,4
nærings-safterne,4
staadere,4
indtagne,4
hoverier,4
nærings-safters,4
jordgrundens,4
qvælende,4
restancer,4
79,4
hovedforfatningens,4
indsatte,4
plag,4
l,4
tiderne,4
ermelte,4
liderlig,4
beqvemmeligen,4
brugelig,4
behielpelig,4
besøg,4
opdagelser,4
forlangende,4
rettesnor,4
plet,4
indkræve,4
overtydende,4
medførte,4
kummerlige,4
liige,4
ufrugtbarhed,4
jespersen,4
kapital,4
forhøyes,4
gammeldags,4
berg-proberer,4
skiftet,4
sved,4
udreede,4
arvepart,4
læserne,4
extra,4
enke,4
ansat,4
renters,4
summe,4
vendes,4
undersøgelser,4
fæedrift,4
linnæus,4
monarkisk,4
contributioner,4
overskrift,4
adelen,4
k,4
klar,4
skrifts,4
siele,4
middelviis,4
blanding,4
86,4
fødselen,4
grunds,4
umag,4
landmænds,4
ægt,4
udstaae,4
læsere,4
jernet,4
non,4
fortæret,4
godiche,4
reglement,4
bygges,4
bedrive,4
egns,4
opsynsmænd,4
mueligheden,4
fornødenheden,4
fornøie,4
farver,4
pløje,4
forunderlige,4
bebreydelse,4
fodspor,4
forpligtes,4
behandler,4
mosers,4
dydig,4
krudets,4
rørt,4
udgjør,4
tarv,4
rør,4
fiin,4
yngere,4
desstørre,4
tilberede,4
bønderkarlene,4
anprisede,4
fruen,4
miles,4
hytte,4
saften,4
aftagende,4
vexter,4
sort,4
junii,4
skovens,4
adskille,4
dørre,4
dyreste,4
skaber,4
angik,4
gierders,4
omendskjønt,4
høyde,4
johan,4
hoveder,4
fedme,4
foeres,4
tienderne,4
2000,4
letteste,4
beregner,4
svine-avl,4
omliggende,4
hungersnød,4
konstgreb,4
skuldre,4
forundes,4
øm,4
underholder,4
høylig,4
forsvars,4
paamindelser,4
bagvendt,4
betingelser,4
landbrugere,4
udlede,4
anvise,4
forundrer,4
hovnings-frihed,4
sjelden,4
videnskabs,4
hævd,4
befundet,4
unyttigt,4
naturalier,4
bekjendte,4
ladefoged,4
fraværelse,4
ukyndighed,4
oplagt,4
prøvelse,4
plove,4
svinene,4
kraftig,4
stald-stude,4
gaase,4
anseete,4
folkeløn,4
reglementer,4
vinden,4
gjødning,4
besvaret,4
vildt,4
prægtige,4
lyder,4
hoved-poster,4
beklager,4
velfærds,4
sikre,4
dybt,4
bi,4
skabninger,4
bortdøer,4
unegtelig,4
utvungen,4
stæders,4
opstige,4
spidse,4
befindende,4
himmel,4
rene,4
anviisninger,4
sædegaardenes,4
indbildninger,4
ypperlig,4
me,4
viiseste,4
anførere,4
kastet,4
bygnings,4
fremkommer,4
sikkre,4
narre,4
øiesyn,4
afmagt,4
optegninger,4
stadfæstet,4
beqvemmelighed,4
stræbsom,4
monarks,4
zusäze,4
befrygtes,4
penge-laan,4
bierge-løn,4
strandede,4
betydende,4
tilstaaes,4
ulykker,4
1400,4
huusholdnings,4
tegning,4
gaves,4
baad,4
huusholdings-kunstens,4
tilføied,4
omstændigheders,4
iverksettelse,4
mærkede,4
sultne,4
underviisninger,4
forefalde,4
8te,4
byemænd,4
kroemænd,4
vask,4
suk,4
600,4
ottende,4
saameget,4
attraae,4
boet,4
skoeler,4
4000,4
øiekast,4
fortjeneste,4
bedragere,4
samlelses,4
oprigtig,4
forfattelse,4
bekostningen,4
nicolaus,4
foretagne,4
besiddende,4
tilvæxt,4
fæedriften,4
foraarsagede,4
efterseer,4
sæder,4
skibs,4
udtrykke,4
udkast,4
mynter,4
tilveiebringes,4
creatures,4
foresatte,4
anhang,4
indsendes,4
tankernes,4
paabudne,4
forandrings,4
forøder,4
underskrift,4
forskaffer,4
niende,4
tømme,4
besørges,4
udgaaende,4
blaa,4
kierlig,4
munde,4
nedsat,4
stemmer,4
besætte,4
bedrift,4
lem,4
villien,4
frugtesløs,4
forholdet,4
bordet,4
seylads,4
indvendig,4
stykkeviis,4
bebyrdes,4
barmhjertighed,4
yttrer,4
underjordiske,4
beskierme,4
raaber,4
udbreder,4
neden,4
sielen,4
damp,4
kunsten,4
ældgamle,4
adskilt,4
fordelen,4
fabrikerne,4
forbenævnte,4
list,4
grovt,4
klokken,4
stein,4
frid,4
vasen,4
grave,4
melder,4
ophøye,4
navnet,4
meel,4
undertrykt,4
fornuftigere,4
egenskab,4
angribe,4
sexten,4
anbefalet,4
indvendige,4
svagheder,4
bergfolk,4
lugt,4
stolthed,4
herregaarden,4
erker,4
fylde,4
nøgen,4
ufuldkommenhed,4
indkalde,4
lykkeligste,4
collegier,4
kiereste,4
virkningen,4
12000,4
liderlige,4
orleans,4
bedrøveligste,4
kjøbstæderne,4
adlyde,4
vildfarelse,4
bøndergodsets,4
gascogne,4
virkes,4
opvekker,4
giftermaal,4
høyligen,4
vunden,4
overs,4
trækkes,4
udsigt,4
opnaaelse,4
valg,4
eenevolds,4
dueligste,4
ungdommen,4
flittigheds,4
nærmer,4
hosbondes,4
formeent,4
erholder,4
forfremme,4
bonde-karl,4
103,4
ryddes,4
bekymrer,4
balance,4
lygtemændene,4
virknings,4
tilstaaet,4
hvorunder,4
svævende,4
rettet,4
senesaften,4
boets,4
snarlig,4
blodet,4
senesaftens,4
ubeqvemme,4
trælle,4
forkeert,4
efteraaret,4
ordens,4
talen,4
sportler,4
brændes,4
udmattet,4
ugrundede,4
kneb,4
interlocutorii,4
bogstavernes,4
tillagte,4
korns,4
procuratores,4
loen,4
ejere,4
sand-jord,4
tilbyder,4
brygge,4
udskrives,4
hederne,4
udskrive,4
forbandet,4
taxere,4
jeres,4
husbondens,4
kreaturer,4
uskyldig,4
maabund,4
flig,4
amtet,4
brændeviinsbrændere,4
yndest,4
daglønneren,4
uforbigiengelig,4
fuldføres,4
gotgiørelse,4
sindede,4
syndere,4
reene,4
friheden,4
enes,4
forordningers,4
andraget,4
goedset,4
jordegodserne,4
skrække,4
7de,4
treffe,4
fordærvelige,4
indhøstet,4
magelegge,4
soldateriet,4
besværligere,4
deelte,4
slog,4
dre,4
handelsmænd,4
age,4
uhr,4
hartkorns,4
aulingen,4
nummer,4
ach,4
bøndergaardenes,4
forhadte,4
fortjene,4
markers,4
jøderne,4
berømte,4
jevne,4
bekostningerne,4
øg,4
modereret,4
vidnet,4
passende,4
forsvinde,4
skrevne,4
værdi,4
skienker,4
uadskillelig,4
fordyrer,4
høstet,4
allesteds,4
levemaaden,4
goeds,4
gevinstsyge,4
vurderes,4
strabatse,4
vante,4
fods,4
oplære,4
provinzer,4
kuldkastet,4
skielve,4
besynderligt,4
haabes,4
beqvemmelig,4
udkrævede,4
slide,4
taaleligere,4
tynd,4
tilflugt,4
lettest,4
derudover,4
forlangte,4
mødende,4
katholske,4
paakomme,4
eenfoldighed,4
lodseier,4
efterleves,4
ugers,4
umaadelig,4
tilkiendegiver,4
forkortes,4
høet,4
frøkenen,4
landsbyer,4
velfortiente,4
leyligheden,4
opføre,4
stiftere,4
leed,4
succes,4
næse,4
kam,4
negte,4
leder,4
forskaanet,4
dømte,4
qvantitet,4
50000,4
meent,4
segl,4
tilkom,4
10000,4
øvelser,4
slagtere,4
øvrighedens,4
altiid,4
krigen,4
tiere,4
kiønnets,4
dømt,4
udygtige,4
fjerde,4
indgaaet,4
militaire,4
regieres,4
excellence,4
creaturers,4
tilsige,4
lotterier,4
polen,4
veies,4
skab,4
bevendt,4
henlever,4
retfærdigheds,4
christen,4
lættere,4
adelige,4
agters,4
delen,4
grunder,4
krat,4
berømt,4
oppebære,4
taxterne,4
viger,4
kongeriger,4
piece,4
afstaae,4
herrens,4
arbeydede,4
paabyde,4
velkommen,4
anviist,4
frimodighed,4
forenes,4
hølleer,4
smukke,4
spiser,4
stedsevarende,4
beboede,4
tragter,4
fuldmægtige,4
udkrævedes,4
mulct,4
foranledige,4
falden,4
slagte,4
privilegerede,4
hiulpen,4
eadem,4
fødestaun,4
gierdsel-skov,4
størst,4
udstrakte,4
fyrster,4
imodstaae,4
matte,4
skienke,4
tour,4
lodden,4
ødelæggelser,4
vover,4
skriftlig,4
forresten,4
afsatte,4
antall,4
forordningerne,4
hørig,4
skadesløse,4
intrader,4
relation,4
utide,4
maadelige,4
persiske,4
forfadre,4
udrettet,4
ejendom,4
deling,4
drivt,4
mulige,4
afgrøde,4
overstige,4
forbindes,4
agtpaagivenhed,4
plaget,4
vender,4
forkastes,4
aule,4
befolket,4
steengjærder,4
hoveries-penge,4
forræderiske,4
brændeviinsbrænderiet,4
mahomedanske,4
kroerne,4
tiltaget,4
visseligen,4
undervise,4
erfarenheden,4
opmuntret,4
oversatte,4
afsette,4
læseren,4
opfødte,4
svække,4
brænding,4
satt,4
besat,4
øer,4
dennes,4
landgods,4
vidtløftigt,4
proprietærerne,4
reysende,4
indtaget,4
tilmaales,4
agerbrugs,4
titius,4
defension,4
borge,4
landmaaling,4
uld,4
agrene,4
kiv,4
veileder,4
eenige,4
politie,4
forledet,4
forlanges,4
gyldig,4
trykte,4
hærdede,4
overveie,4
fatter,4
tragte,4
afsted,4
skrivere,4
hvers,4
agere,4
anlægges,4
uldene,4
gaden,4
bekommes,4
efterfølger,4
qvæg-arter,4
fegter,4
svagere,4
huuses,4
ulykken,4
fortærende,4
inddeele,4
gagen,4
pauline,4
utidige,4
finanzraaden,4
ligegyldig,4
forveyen,4
foeder,4
ustridig,4
menneskekierlighed,4
fæste-bonden,4
sluttes,4
borgen,4
tienligste,4
baden,4
bemærkelse,4
undtages,4
forhvervede,4
eiendomme,4
jordbrugerne,4
forvare,4
underrette,4
eenlige,4
fød,4
dige,4
følelig,4
berigede,4
vedligeholder,4
beskæftige,4
monarken,4
excellences,4
gevinsten,4
omvexling,4
besee,4
humle-kuler,4
aabenbar,4
elendig,4
drikker,4
straffe,4
groer,4
brændte,4
anseende,4
roelige,4
giærder,4
informator,4
betlere,4
folke-mangel,4
gier,4
adel,4
helte,4
hestes,4
betaget,4
sygdoms,4
tilstrækkeligt,4
ufri,4
befriede,4
husene,4
mjød,4
mistelige,4
ut,4
efterkommer,4
beklageligt,4
tvinger,4
uomgængelig,4
udtryk,4
ødelegger,4
accordere,4
producere,4
stiele,4
ladt,4
plager,4
val,4
from,4
foeret,4
eenstemmigen,4
gierdes,4
paalidelige,4
pleier,4
koldsindighed,4
tiendetagerne,4
bevæget,4
madfader,4
igiennemgaae,4
uimodsigeligt,4
fortienester,4
skammelig,4
oplysninger,4
fordeelene,4
efterkommeren,4
formandens,4
sød,4
opvekke,4
moralske,4
tidernes,4
betragtet,4
habil,4
overveyelse,4
eftertænke,4
formands,4
fortjent,4
dristig,4
contra,4
kalv,4
stige,4
ha,4
derind,4
profiterer,4
køer,4
forestillinger,4
aarfag,4
opholds-midler,4
formindsker,4
hemmes,4
fyrstens,4
ønsket,4
tyranner,4
latterligt,4
øyemeed,4
pak,4
fornøyelige,4
tilstaaelse,4
elle,4
glemme,4
overført,4
qvadrat,4
skaane,4
ester,4
riige,4
efterrettelig,4
qvægsyge,4
kiøbet,4
snarest,4
len,4
indbragt,4
creditor,4
dyrkningsmaade,4
smuk,4
kostbart,4
fristes,4
forpagtningen,4
afslag,4
nøde,4
handthæve,4
lodseyere,4
maxime,4
sladder,4
aarvaagne,4
skeete,4
krige,4
paaske,4
selveier,4
udgangne,4
underdanighed,4
tilside,4
bebyrde,4
rimelig,4
afpassede,4
dame,4
adgang,4
spørsmaalet,4
efterladne,4
frugt-træers,4
vexel,4
udfører,4
erkyndige,4
udsætte,4
bequem,4
betroer,4
færd,4
hollandske,4
sætninger,4
forderves,4
issenkram,4
forskaffede,4
besværge,4
skarp,4
dels,4
rettest,4
fond,4
omfavne,4
næstliggende,4
utaalelige,4
uforskyldt,4
chicaner,4
fordelagtig,4
strædet,4
jordegodset,4
hjelper,4
blind,4
udgiver,4
vestindiske,4
amtmandens,4
arving,4
guldet,4
korps,4
kroen,4
fluer,4
fæe,4
universitets,4
udfløttelse,4
herhid,4
majest,4
cap,4
crepidam,4
sukker,4
høns,4
kiøbstæds,4
skiød,4
efterladt,4
misbruger,4
aqvaviter,4
læg,4
tienesten,4
kummerlig,4
sorter,4
feed,4
agerdyrkeren,4
rart,4
anbelanger,4
taxeret,4
maji,3
anprises,3
vaser,3
faarene,3
gierdsel,3
yderlige,3
tykkelsen,3
bankosedler,3
giæstebud,3
uryggelig,3
1761,3
particulair,3
forfatters,3
protokollen,3
efterfølgere,3
thronen,3
vegt,3
opskruet,3
præmier,3
smelte,3
tilvejebragt,3
kosten,3
karls,3
bryllups,3
bymænd,3
ubillighed,3
slap,3
formaliteter,3
hiulpne,3
giødes,3
behjelpelige,3
bøder,3
publike,3
overdreve,3
desangaaende,3
forudsat,3
guldmager-kunst,3
uforkrænket,3
græsgang,3
bygt,3
feile,3
tyrkerne,3
gavne,3
juris,3
lignelse,3
cabaler,3
aaers,3
stakke,3
belovede,3
tretten,3
leeg,3
ydet,3
formaaede,3
kostede,3
brudegave,3
hiemle,3
helt,3
lovgiver,3
dito,3
undergivne,3
projectmagere,3
erklære,3
ste,3
fortabelse,3
skadeligere,3
efterlades,3
qvantum,3
lettes,3
udlegge,3
neger,3
paalægge,3
udførte,3
aftæring,3
hæfter,3
tillegges,3
undskyldning,3
besvarelsen,3
tiende-yderen,3
virkningerne,3
næremiddels,3
hov-bonden,3
rudolph,3
merket,3
84,3
complet,3
forvirring,3
mandens,3
stenige,3
landmaalere,3
faderlig,3
underskrevet,3
decision,3
gifter,3
retmæssige,3
udtog,3
12te,3
forhindring,3
fyrstes,3
hiorden,3
beholdes,3
adskilligt,3
intriguer,3
grundens,3
feiltrin,3
tienestefolkes,3
øyemaal,3
afgiftsmaade,3
afgiøres,3
forstyrrede,3
eftermænd,3
dræbe,3
skikker,3
statsmænd,3
opvækker,3
ansigtes,3
uomgiængelig,3
ufrugtbare,3
passioner,3
sult,3
fæsteledige,3
forestillet,3
hov-arbeyde,3
henfalde,3
1760,3
skrivelyst,3
bekiendtgiøre,3
horn-qvæg,3
forvisses,3
qvid,3
spaaede,3
nordiske,3
jordegods-eieren,3
smigrende,3
summer,3
nedtrykkes,3
proprietairene,3
selges,3
rareste,3
stridighed,3
eichstedt,3
afpasset,3
naturligere,3
opdrager,3
friegive,3
slot,3
bøge-træer,3
ældere,3
allarm,3
exclusive,3
hugget,3
køller,3
jord-drotten,3
eege,3
dyrene,3
gemyts,3
aander,3
beringskiold,3
pile-træer,3
uhyrer,3
anslaaet,3
nedsættes,3
huusmændenes,3
mægtigste,3
inderligen,3
hjerter,3
udkaste,3
instrux,3
conservere,3
udfordrede,3
bindes,3
hauge,3
uvidende,3
forglemt,3
proprietairs,3
udeladt,3
forsagte,3
elskere,3
iværksettelse,3
henstilles,3
fremsetter,3
academier,3
friegivne,3
christ,3
lin,3
utrættelige,3
humle-hauger,3
vers,3
advarsel,3
afbrænder,3
fællesskabs,3
sognene,3
slaaet,3
punkter,3
sal,3
udvendige,3
forbedrer,3
piile,3
nødvendigere,3
øves,3
fornuftigste,3
ødelagte,3
paradox,3
foregivende,3
afskaffede,3
kastede,3
bieverk,3
spilt,3
domestiquer,3
maate,3
kraftigere,3
hurtig,3
dobbelte,3
jordslod,3
lob,3
aftrække,3
natur-læren,3
uforanderlige,3
ansigt,3
opsættelse,3
natur-riger,3
indgroede,3
berg-arter,3
spotte,3
skriger,3
lydige,3
fulgt,3
vittige,3
strenghed,3
ovæstion,3
udsuer,3
myrde,3
udaf,3
ommældte,3
kræe-syge,3
pludselig,3
forbrydelser,3
opvoxende,3
forbeholdes,3
ovenanførte,3
pung,3
dræber,3
breed,3
skoves,3
hvide,3
cortex,3
opholds,3
ertz,3
ømme,3
siderne,3
bullen,3
høje,3
ernærer,3
ubehagelig,3
varmen,3
syndfloden,3
gartner,3
eeg,3
staure,3
væxt,3
hvormange,3
jordegods-eiernes,3
ymper,3
matros,3
practiske,3
hørighed,3
beboeres,3
myntede,3
tildeelte,3
afdelingen,3
lempe,3
forfægtere,3
hvorvel,3
kjendelig,3
havtang,3
strande,3
veiret,3
skiønsom,3
paadrage,3
laplænderen,3
afmægtig,3
tyngde,3
skjeppe,3
gjæs,3
rug-sæden,3
kornavlingen,3
svækket,3
gunstig,3
situation,3
søen,3
skiødesløshed,3
endskjønt,3
byrderne,3
oprejst,3
europæiske,3
critiske,3
prætensioner,3
disputere,3
hovningspenge,3
delighed,3
blande,3
begiere,3
lættelig,3
tidsfordriv,3
forunde,3
demonstreret,3
bestrider,3
opkomme,3
havets,3
forfarenheden,3
30000,3
muntre,3
fredet,3
dorske,3
sømmelig,3
agerdyrkernes,3
perler,3
indfinde,3
nøieste,3
dyrriget,3
nøiagtig,3
bage,3
ælde,3
forstaaet,3
medfør,3
væsenets,3
tiltræde,3
foreslaaet,3
oeconomien,3
patriots,3
meddele,3
foreslaget,3
hoverie-arbeydet,3
besparelses,3
udmærke,3
determineret,3
opskaaren,3
grund-regel,3
marchere,3
hovedsagen,3
strekning,3
begavet,3
afvende,3
lodseieres,3
foed,3
dygtig,3
opsøg,3
justice-provincial-fiscaler,3
betjene,3
bataillons,3
skranker,3
articul,3
vrangvillighed,3
gotgiort,3
udveie,3
hovnings-gods,3
nærings-vey,3
grendser,3
ulighed,3
friheder,3
forundre,3
reguleres,3
forelagde,3
nedrig,3
alternatim,3
agerdyrker,3
dygtighed,3
ønskeligt,3
søndag,3
hovnings-friheden,3
nyeste,3
tilstæder,3
grundigste,3
tilstanden,3
hengaae,3
minus,3
mandskabs,3
farve-urter,3
række,3
montesquieu,3
skribent,3
indviklede,3
bevidner,3
tydsk,3
fædernelandets,3
oplevet,3
20000,3
forbrugt,3
aabnet,3
udenlandsk,3
trykket,3
tillod,3
hegnes,3
kræe,3
tuer,3
opofrer,3
vedtagne,3
udtørrer,3
udreven,3
drages,3
freds,3
botanik,3
afgik,3
cavallerie,3
voxede,3
overblevne,3
hegn,3
bortførte,3
bettelstaven,3
overskuddet,3
avner,3
udviser,3
floden,3
landkorter,3
tiende-tagere,3
tærer,3
exemplar,3
lignelseviis,3
afsats,3
løfter,3
bortgaaer,3
indkomne,3
forvaring,3
bekommer,3
oprydde,3
erindrings,3
iii,3
vedføiet,3
personlige,3
jagtens,3
land-korters,3
personel,3
ødelegge,3
uldne,3
korn-prisen,3
fierdinger,3
100000,3
høveder,3
qvæg-svagheden,3
opmun,3
efterkommet,3
ladefogden,3
afstraffes,3
regimente,3
svarelse,3
usel,3
rolig,3
røde,3
dødsfald,3
forhøyet,3
forarbeydende,3
landbruger,3
naaer,3
naboens,3
forlangt,3
selveierne,3
stundom,3
udførende,3
blæst,3
hampefrøe,3
urigtigheden,3
accorderer,3
langsomhed,3
arbejdsløn,3
tjenlige,3
vinter-forretningerne,3
troes,3
ofre,3
parte,3
formene,3
eftermiddagen,3
beviislig,3
paabudet,3
douceur,3
røst,3
bebygt,3
forelæsninger,3
fælledskabs,3
forekommet,3
uringet,3
paabudets,3
tilstød,3
potter,3
mælder,3
derne,3
døende,3
efterseet,3
eftertænkes,3
anlægget,3
undersøgelsen,3
forvirrelse,3
kuul,3
opsætsighed,3
tilføie,3
forarbeidelse,3
dag-bog,3
omgaaet,3
drengebørn,3
groveste,3
kasser,3
fornærmelige,3
erklæringer,3
berøver,3
beskrives,3
nedsettes,3
paupertatis,3
beneficium,3
hoved-sag,3
rod,3
haandværks,3
fødende,3
kiøbmændene,3
torvs,3
skytte,3
arbeydets,3
oppebie,3
9de,3
gangbare,3
menneskens,3
forfærdiget,3
dagløn,3
manufactur,3
anlegges,3
udgiften,3
bestridet,3
beskyldninger,3
grundeieren,3
drængebarn,3
indtages,3
undskyldt,3
disciplin,3
forfærdigede,3
liderligt,3
skattens,3
mester,3
opfødes,3
værkerne,3
hovnings-bønder,3
fabriqveres,3
tilførsel,3
tillæggende,3
afkortning,3
aske,3
stoer,3
medtage,3
sække,3
olie,3
ufortient,3
ter,3
kanoner,3
kobber,3
ideer,3
tilsagte,3
forlede,3
klyne,3
udtages,3
metal,3
indlukker,3
forfattes,3
overgaaende,3
tiendes,3
nødsagede,3
vink,3
fordelene,3
følg,3
opskruelser,3
negter,3
billetter,3
ukruds,3
lyksaligheder,3
herforuden,3
erkiender,3
passede,3
forplantning,3
tiltale,3
modstander,3
igientagne,3
udbringes,3
lokrig,3
foresat,3
tilstilles,3
fortæres,3
indvexles,3
vildtet,3
exponere,3
paafølgende,3
ten,3
høilig,3
149,3
forarbeide,3
vinding,3
fortienes,3
foretog,3
omdelende,3
ge,3
provincierne,3
boede,3
magazinet,3
skarpseende,3
foranstaltning,3
ole,3
feilet,3
begivenhed,3
lades,3
attraaet,3
sandeligen,3
fiskevær,3
bergenske,3
foregaae,3
indgreb,3
bestiller,3
vaar-silds,3
bergvæsenet,3
uforsigtig,3
zirater,3
slebne,3
talemaader,3
spartes,3
beregninger,3
opførte,3
theologien,3
planteriget,3
dyreriget,3
dannes,3
indenrigske,3
qvægavlingen,3
udsøgt,3
omhu,3
kraftesløs,3
undersøgte,3
foragte,3
arbeidslønnen,3
compagnie,3
elver,3
damme,3
igientages,3
salpeter-hytte,3
omkreds,3
landstrækningens,3
indførende,3
gaun,3
luger,3
vesten,3
priselig,3
behageligste,3
stats-forfatning,3
caffebønner,3
midten,3
tilkiøbt,3
omrøres,3
udludningen,3
moderlud,3
kaagningen,3
trafiquen,3
herregaarders,3
engelsmanden,3
nøje,3
krog,3
drømme,3
land-militien,3
iv,3
ufordeelagtig,3
nord,3
berømme,3
parker,3
skiære,3
salpeter-hytten,3
befugtes,3
nøyagtig,3
tegnings,3
vader,3
forige,3
opfylder,3
svagt,3
maver,3
kierne,3
indenlands,3
evindelig,3
hverve,3
ongefærlige,3
bekostningernes,3
bergværk,3
artig,3
bane,3
støv,3
adsprede,3
lander,3
segtede,3
indløb,3
fartøier,3
forefindende,3
gotbefindende,3
linnet,3
opsige,3
næstbemelte,3
ugrundet,3
deelagtige,3
forslaget,3
kiøbstæders,3
slæber,3
harves,3
sant,3
sværm,3
mundtlig,3
kiøbere,3
avlende,3
fylderie,3
ubi,3
levetid,3
laug,3
fæste-breve,3
ruget,3
fortræffelig,3
skind,3
uddeele,3
bergarts,3
anmærket,3
selskabs,3
lemmers,3
alviise,3
udraabe,3
borttaget,3
laugs,3
sørgede,3
publikum,3
ligefrem,3
lateris,3
arm,3
fratage,3
laan,3
plantager,3
contradicere,3
christensen,3
beflitte,3
pak-huuse,3
medtager,3
opfylt,3
røbe,3
tillægges,3
udvendig,3
97,3
henlegges,3
vrange,3
indeholdt,3
arbeidsløn,3
foreskrives,3
legemers,3
slutninger,3
spørg,3
tolvte,3
forpflegning,3
underligt,3
borgerskabet,3
102,3
digt,3
aager,3
forraadnelse,3
understyttelse,3
floer,3
bøndergaarders,3
lykkeligere,3
formeere,3
nyttes,3
skadeligste,3
anleedning,3
modsatte,3
staat,3
ugentlig,3
kommende,3
indhentet,3
eftergivet,3
foræring,3
stædet,3
arbeydsfolk,3
hustrue,3
ordene,3
himmelraabende,3
anvendelsen,3
drenges,3
frugt-haver,3
forarme,3
afbetale,3
færdighed,3
vedligeholdelsen,3
skidenstrædet,3
opmuntrende,3
fyrsternes,3
bedrøvelig,3
uægte,3
ypperlige,3
passelige,3
besøge,3
trolovelser,3
stederne,3
skrue,3
paatager,3
dyblærde,3
haandhævelse,3
hustruer,3
prægtig,3
ridder,3
ægteskabernes,3
folke,3
tilbuden,3
underlig,3
saz,3
hindringerne,3
erklærer,3
korteste,3
beboeren,3
indholden,3
jordene,3
ægteskab,3
taushed,3
producternes,3
ulyst,3
90,3
oprensning,3
overførte,3
kiøbsteder,3
forunderligt,3
folkeformerelsen,3
rigt,3
gaa,3
huns,3
skatternes,3
haar,3
smug-handelen,3
monopolier,3
ledighed,3
sags,3
værste,3
angaae,3
fradrages,3
forekaste,3
giftes,3
214,3
94,3
afskrevet,3
ma,3
opsætsige,3
exemplers,3
bække,3
forværres,3
ac,3
vandre,3
karles,3
ferske,3
aftiene,3
viider,3
million,3
dyden,3
opliver,3
patriotisme,3
lav,3
courant,3
giøder,3
utilladelige,3
egentligen,3
giftet,3
førhen,3
arbeids-bester,3
foreenede,3
hovnings-bonde,3
lives,3
kroppen,3
miile,3
tilgaaet,3
vie,3
opføder,3
vaarnede,3
gienstand,3
indtager,3
overlevere,3
oxen,3
fordærvelse,3
toppen,3
moderens,3
forsigtig,3
satisfaction,3
ophørte,3
tærsker,3
opfyldes,3
barns,3
greene,3
forbædring,3
friehedens,3
meklenborg,3
usunde,3
housted,3
leiligheden,3
blomstre,3
liveegenhed,3
overdaadigheder,3
hastigt,3
betydeligere,3
landers,3
menniskenes,3
mennisker,3
subsistere,3
understøtte,3
vaarnedrettigheden,3
proponeret,3
fit,3
allerskadeligste,3
cari,3
bidraget,3
cum,3
brændeviins-kiedel,3
prokurator,3
mægtigere,3
regierer,3
plages,3
huusbonden,3
korn-avling,3
efterkommerne,3
haandverksmanden,3
udspring,3
iværksætte,3
stadig,3
forsvarer,3
friheds,3
heftelses-rettens,3
bygningerne,3
retferdighed,3
vindskibelig,3
klinger,3
besindes,3
afskiæres,3
nære-kilder,3
importer,3
kuld,3
ulejlighed,3
vaarnedrettighedens,3
attraaer,3
hosbonders,3
arbeydsom,3
106,3
ophører,3
tryghed,3
springe,3
land-væsenets,3
umenneske,3
modsiger,3
alvorligen,3
modsagt,3
107,3
vanen,3
tienester,3
kjender,3
eyeres,3
ødsel,3
embeds,3
104,3
vexel-cours,3
pengemangel,3
banco-sædler,3
regleret,3
vederhæftig,3
beskikkes,3
fødderne,3
oeconomisk,3
hester,3
spaae,3
anstød,3
forholdsmæssig,3
smagens,3
1731,3
112,3
bortfalder,3
un,3
afgivter,3
embedet,3
mætte,3
trykkes,3
applicere,3
beboe,3
uordentlig,3
hinandens,3
liqueurs,3
fornemmeligen,3
lenge,3
forhielpe,3
fruentimmer,3
utilbørligt,3
hore,3
saavit,3
lommen,3
bestilling,3
klagede,3
stifte,3
recommendation,3
meriter,3
viiser,3
klædt,3
jordegodsets,3
hensee,3
capitel,3
tree,3
øiemeed,3
betieninger,3
studeret,3
fortjener,3
almindeligen,3
forlænges,3
bevidst,3
adkomster,3
tære,3
uretfærdighed,3
føl,3
henvise,3
fastere,3
visner,3
knægt,3
forhindringer,3
baner,3
søefart,3
ændre,3
befolkede,3
fortroelighed,3
straaet,3
ønskelige,3
mistede,3
tiendetageren,3
qvæg-tiende,3
bønder-gaardenes,3
steders,3
takkede,3
tilstundende,3
øen,3
langvarig,3
ankomst,3
firefold,3
forvendt,3
siellandske,3
ugudelig,3
iverksat,3
betroe,3
angenemmeste,3
tilvende,3
indbygger,3
heles,3
deelene,3
oppebørsel,3
frembragte,3
almisser,3
tiendetagere,3
antog,3
penge-gieldende,3
forlovede,3
ydermeere,3
foreenes,3
foræringer,3
varsom,3
opmaales,3
voxende,3
løgn,3
dreve,3
bekostes,3
monsør,3
io,3
adskiller,3
forderver,3
herredet,3
anlagde,3
forstaar,3
silde,3
bøn,3
stevnet,3
udlagde,3
beundringsfulde,3
kunstige,3
vidnerne,3
gryn,3
naturs,3
adskildte,3
kiøbstæder,3
foder,3
uddunstninger,3
henleve,3
oppe,3
opretning,3
prøvet,3
forenet,3
landsbye,3
skrige,3
justice,3
troels,3
fordel,3
sendte,3
forstandig,3
hiertelig,3
himmelluft,3
nul,3
forseelser,3
ynskede,3
mi,3
arbeidsomme,3
spillet,3
fornøjelse,3
bogen,3
fornøyer,3
tiligere,3
middags-mad,3
gjorte,3
tilsagt,3
søefarende,3
vedde,3
betænk,3
proposition,3
høste-tiden,3
mathed,3
hov-arbeide,3
ædelmodig,3
tidsalder,3
fulgte,3
blindt,3
dødelig,3
æg,3
arvegods,3
skiæbne,3
arbeydes,3
fremskinne,3
forgaaer,3
lodder,3
kiøns,3
sæde-og,3
hjulpet,3
trediedeel,3
lyve,3
befolke,3
tilflydende,3
betingelse,3
æde-korn,3
tvangsmidler,3
sldr,3
skyggen,3
henvises,3
ladningen,3
spør,3
frygtede,3
capitainen,3
opholdt,3
fornøyede,3
øre,3
plans,3
ubarmhiertige,3
uberettiget,3
sindelav,3
dumdristig,3
fiskerier,3
fradraget,3
strengeste,3
oprør,3
ubeleilig,3
grebe,3
hollænderiet,3
gields,3
utroelig,3
fyldestgiøre,3
udlagt,3
brudgom,3
betrygget,3
allernødvendigste,3
giore,3
forbeholdenheder,3
stikke,3
hoverie-pengene,3
spøge,3
helligste,3
fynske,3
stalde,3
laase,3
forpagtnings,3
tykkes,3
politie-opsigt,3
forbeholdne,3
forflyttes,3
lykkens,3
traver,3
taarene,3
boehave,3
kjøbt,3
mild,3
republiken,3
langsomt,3
aflagde,3
formaninger,3
opmaalte,3
huusgeraad,3
hævelse,3
rigmands,3
erobre,3
rhedi,3
partier,3
eg,3
forulykkede,3
fæsteren,3
synlige,3
menneskeligt,3
barbariske,3
pant,3
samtykker,3
tærende,3
jorders,3
brændeviins-tøy,3
misfornøyede,3
chahban,3
forpagtede,3
frelseres,3
forbruger,3
uopholdelig,3
fløtte,3
tidende,3
virkeligen,3
tvistende,3
haste,3
oplivende,3
svageste,3
forfalde,3
overføre,3
synlig,3
rothe,3
formeres,3
urørt,3
brevvexling,3
udryddede,3
malm,3
grændseløs,3
jurist,3
gottlob,3
trætter,3
børsen,3
klima,3
begiert,3
grædende,3
fælledsskabet,3
opholdssted,3
forbrudt,3
tvungne,3
contribuerende,3
fiorten,3
angivne,3
tallet,3
afveie,3
ædelmodighed,3
tabende,3
savn,3
sædemarker,3
taabelige,3
hertugdømmerne,3
tarvelighed,3
beskyldning,3
knæ,3
tilforladeligt,3
on,3
skipperne,3
meddeelt,3
11te,3
haverne,3
ords,3
fornemmelsen,3
indfæstningen,3
forbrænder,3
hesten,3
continuations,3
næsen,3
befrygtede,3
omstødes,3
bondemand,3
protestanterne,3
landmaalings,3
skræk,3
overvinde,3
forfølger,3
øver,3
tvivles,3
angriber,3
landgodser,3
true,3
maadeligt,3
tvile,3
tilstrekkelige,3
viisdoms,3
kornavling,3
betinge,3
skrider,3
strenge,3
tiente,3
hvorlænge,3
lysten,3
bemerkelse,3
bydende,3
fængsel,3
lediggang,3
gruesom,3
extraskatten,3
afskyelig,3
fæstes,3
tvivlsmaal,3
vedtægt,3
ladhed,3
overtræder,3
forefindes,3
flye,3
erlæggelse,3
byefoged,3
beskrive,3
indfalde,3
uhyre,3
"60,000",3
tvist,3
lysende,3
bestyrkelse,3
fogders,3
fandens,3
embedsmand,3
dannemarks,3
straffet,3
enfoldigheds,3
tilkiøbte,3
net,3
fortæller,3
aarfager,3
adelskiolds,3
elementariske,3
blodigel,3
forfløttelse,3
foranderlige,3
ubodelig,3
overjordiske,3
oversat,3
opløsning,3
hyæne-jagten,3
stiil,3
varet,3
upartiisk,3
bie-haver,3
etter,3
senge,3
pose,3
kundskaber,3
følelser,3
hiertes,3
importante,3
beskyttede,3
hiernespind,3
pibe,3
hævede,3
hugge,3
tilføyes,3
hue,3
beskreven,3
ædlere,3
uskikket,3
nære-midlernes,3
leveret,3
egteskaber,3
sluttede,3
fædre,3
hale,3
behageligere,3
tugthuset,3
udgiort,3
folke-mængden,3
agerland,3
maales,3
beretning,3
lagen,3
forpagterne,3
skinne,3
rhamazan,3
qvæstioner,3
kirkens,3
grund-materie,3
veilede,3
tagne,3
fordeles,3
jeppe,3
berg-arters,3
almægtige,3
forfølgelser,3
jord-arter,3
vidners,3
districtet,3
lygte,3
skoleholder,3
frievillig,3
venskab,3
forskuddet,3
reddet,3
hævet,3
foragtelig,3
qvæg-syge,3
underslæb,3
ubodelige,3
brændsel,3
forpagtnings-penge,3
flok,3
attester,3
dannelse,3
værge,3
bortfæste,3
skiul,3
forholde,3
trives,3
mindelig,3
sygt,3
tænke-maade,3
hentes,3
paaanke,3
forskiæl,3
forringelse,3
administreret,3
arbeyderne,3
barmhiertighed,3
forøvelse,3
fremstille,3
forstyrre,3
opmærksomhed,3
verge,3
snee,3
sogner,3
ungdommens,3
se,3
huusholdingers,3
skorpe,3
bierge-lønnen,3
accorderet,3
lomme,3
planten,3
kl,3
vedtagen,3
maals,3
resterende,3
hunden,3
broer,3
lars,3
turde,3
bondeplager,3
livs-tid,3
kram,3
fogeden,3
hidsig,3
basis,3
stammende,3
fødested,3
gildinger,3
afrika,3
mat,3
brevet,3
qvi,3
voxet,3
indkiøb,3
verste,3
bind,3
beviste,3
sparsom,3
samvittigheds,3
forseer,3
raabte,3
fabrikers,3
skiødesløse,3
arvingerne,3
afveiede,3
beundrer,3
trøstet,3
tilbudne,3
indlader,3
105,3
syns-forretning,3
forskjel,3
hæver,3
føles,3
3000,3
rigeste,3
strekker,3
bierges,3
taxten,3
bøndergaarder,3
laante,3
ufornuftige,3
ufornuftig,3
venedig,3
efterladte,3
sørger,3
skrabe,3
eiendoms,3
høystpriselige,3
agtsomhed,3
lovligen,3
rage,3
tilegne,3
iværksættes,3
ringes,3
lægger,3
fejl,3
opofret,3
gemeen,3
drivefiædre,3
beflittede,3
slagt,3
omringet,3
rigtigheden,3
3/4,3
yttre,3
heftige,3
affødninger,3
opdraget,3
flæng,3
tynge,3
aviser,3
ørken,3
prangere,3
stuen,3
anbringe,3
henviser,3
haure,3
invaliderne,3
cautionist,3
regentere,3
næstforanførte,3
forekomne,3
forslager,3
passere,3
propheten,3
erlægges,3
erstattede,3
land-milicens,3
bli,3
selskabets,3
tilbød,3
syne,3
uformærkt,3
iberegnet,3
nødvendigste,3
ve,3
takker,3
meeningen,3
bønder-gods,3
rusland,3
proprietaire,3
skiærer,3
uroelighed,3
9/5,3
kiøbe-summen,3
panden,3
opbygger,3
lygtemand,3
siellands,3
500,3
cæsar,3
betienterne,3
udsæden,3
læste,3
nedlagt,3
fyer-manden,3
hvorhen,3
biergnings-baad,3
fornøyelser,3
plejer,3
tjenstdygtig,3
nøgne,3
smule,3
comtion,3
seende,3
land-soldat,3
stæds,3
uddrive,3
vognen,3
beskæftigede,3
meye,3
oplive,3
umaadelige,3
imidlertiid,3
sandfærdig,3
forskrift,3
ørkesløse,3
elændige,3
eierens,3
set,3
udskeyelser,3
landmændene,3
forsyn,3
vagt,3
krigshærene,3
forsynets,3
udvides,3
laster,3
beskaffenheder,3
forhøies,3
ildsvaade,3
forøger,3
assistance,3
371,3
juul,3
udbredelse,3
stammen,3
absigt,3
opelskning,3
talrige,3
forpagternes,3
krigsstanden,3
tilholdt,3
ske,3
forsikrede,3
theorie,3
indbildningen,3
oversettelse,3
aabning,3
tyvehullet,3
haandverk,3
gilder,3
udskyde,3
myndt,3
bevares,3
standses,3
forringe,3
partisk,3
anviser,3
bedømmelse,3
reedskaber,3
sødskende,3
gang-dage,3
forestilles,3
seeneste,3
slyngel,3
afdødes,3
aftenen,3
haandgribelig,3
krigs-tienesten,3
aaen,3
opofrede,3
frugtens,3
myndig,3
hoved-gaards,3
dygtige,3
henregnes,3
samvittigheden,3
tienestekarle,3
handlede,3
forfærdelige,3
umælende,3
afdrages,3
huusholdninger,3
kraftige,3
anslaaes,3
stykket,3
staden,3
paalagte,3
medlem,2
vine,2
it,2
hemmet,2
stormen,2
jordegoeds,2
derud,2
løns,2
reiste,2
forord,2
romeres,2
førster,2
beholding,2
forefundne,2
dictere,2
boesatte,2
markene,2
graven,2
besvarede,2
væiret,2
fortørres,2
holdtes,2
etiam,2
beskaffenheden,2
mistbede,2
fyer-huuset,2
tæt,2
tugthuus-domme,2
ober-bergamtet,2
forfængeligheder,2
partikler,2
øyemeeds,2
maskiners,2
the,2
genie,2
underholdt,2
luftens,2
bevægelser,2
tieneres,2
dalere,2
fælde,2
skielm,2
avindsyge,2
sammensparede,2
bredt,2
betreffende,2
vænnes,2
distance,2
fortsat,2
forlangtes,2
adelstanden,2
pinebænk,2
boepæle,2
egnens,2
afsettes,2
forlod,2
flag,2
rulle,2
reise-plan,2
yttrede,2
forædlet,2
tilkiendegav,2
streng,2
penge-afgift,2
gruus,2
5tes,2
opfundne,2
læseværdige,2
gienboer,2
madposen,2
dyrebar,2
riigdomme,2
skibsladninger,2
fortrykt,2
resolvere,2
udlaane,2
pranger,2
hitte,2
domstoel,2
haandteringer,2
gaarderne,2
roe,2
hjulpen,2
fødevahre,2
rød,2
tyndt,2
oversettelser,2
kontanter,2
dørren,2
stiaalet,2
skikane,2
skifteforvalter,2
bevæger,2
strømmen,2
sove,2
roelig,2
lyng-leer,2
huusholdingsmaader,2
203,2
mødes,2
kongerige,2
forsvarlige,2
livs-fare,2
opmuntrer,2
incomplet,2
oplyses,2
vederqvægede,2
nobis,2
uretfærdigt,2
flyvende,2
viselig,2
patriæ,2
dam,2
si,2
ap,2
forsyner,2
privilegier,2
tro,2
overseer,2
clas,2
fastsætter,2
akkordten,2
omend,2
houbonden,2
lyse,2
blad,2
jammerlig,2
mandfolk,2
uventet,2
veyrlig,2
folkemangel,2
kokke,2
destomindre,2
væve,2
afværge,2
strand-rettigheden,2
fribyttere,2
løgnagtig,2
hals,2
indste,2
sædelære,2
menneskelighed,2
hoc,2
gemyt,2
ibi,2
øe,2
hovnings-arbeyde,2
bærdie,2
lovligt,2
flittigste,2
historieskrivere,2
gallien,2
fremviser,2
skibet,2
tragtet,2
numer,2
promte,2
frygtsom,2
høeslet,2
erhverves,2
betegne,2
holdend,2
rommerske,2
temmeligt,2
commerce,2
4re,2
udsende,2
menneske-kiærlighed,2
qvo,2
høytskyldende,2
forestilledes,2
husets,2
næver,2
dragter,2
vens,2
oxe,2
informerer,2
anbefales,2
product,2
stilet,2
forstrands-eyeren,2
flittigere,2
tilhørte,2
jomfrue,2
alvorligste,2
pynte,2
tømmermænd,2
geraadet,2
kier,2
udsettes,2
efterstræbelse,2
ea,2
tildragelser,2
holdningen,2
præken,2
hyæne,2
befodre,2
æret,2
moderne,2
liste,2
ildesindede,2
rækker,2
varig,2
høyhed,2
taalmodigheden,2
plus,2
gar,2
udebliver,2
hoffet,2
udraaber,2
lande-plage,2
bekendt,2
lods-arbeyde,2
græder,2
klædedragt,2
ratio,2
omnium,2
foreviist,2
forstrands-rettigheden,2
klør,2
undtagne,2
lyng-lee,2
valgte,2
beleyligt,2
gabet,2
elskværdigste,2
meldte,2
dommen,2
fed,2
patria,2
skilderie,2
1730,2
løst,2
overvægten,2
allerhøieste,2
1733,2
zirer,2
krigshære,2
forfærdelig,2
henne,2
taknemmelighed,2
begiærligheder,2
rom-punsch,2
æblemost,2
flittigheden,2
forebygte,2
stauns,2
indskrevne,2
pest,2
besidderen,2
ejendomme,2
fi,2
distingvere,2
land-militiens,2
eiendommens,2
bestaffenhed,2
raadfører,2
indeholdte,2
cicero,2
slave,2
slottet,2
enig,2
hauger,2
afmalet,2
idel,2
pak-huus-leye,2
beraaber,2
hemmelighed,2
rigeligen,2
affalden,2
ædekorn,2
præferendum,2
udtorsken,2
afleggelse,2
kundstabs,2
fardag,2
tieneste-karl,2
stk,2
hof,2
2-3,2
observeret,2
leies,2
hielpemidler,2
udtalt,2
understøttelser,2
mindreaarige,2
indtægs-kilder,2
udvandrende,2
flensborg,2
kornhøsten,2
græsbænke,2
torten,2
fornuftigviis,2
erhvervende,2
utaalmodig,2
helder,2
heden,2
volde,2
efterrettelige,2
velfornøiede,2
seddel,2
provsten,2
travleste,2
familiens,2
tapperhed,2
træernes,2
indviklet,2
170,2
rensning,2
biskoppen,2
landmændenes,2
forsultet,2
peer,2
stieler,2
ver,2
171,2
udøvede,2
kappes,2
ræven,2
mukke,2
æren,2
landdyr,2
skiere,2
iværksættelse,2
land-opmaaling,2
tørret,2
pløyningen,2
mosen,2
omstændelig,2
udgravet,2
skrækkelig,2
tilforne,2
morgenen,2
ydmygst,2
synsforretningen,2
aftegninger,2
ordentligste,2
forlængst,2
anordne,2
sønnen,2
skolevæsen,2
venstre,2
skynde,2
naturlæren,2
indrente,2
skjønsomhed,2
skrivemaade,2
sutenerer,2
naturkyndig,2
skynd,2
forloren,2
budbringere,2
haandgierninger,2
tjener,2
fior,2
amter,2
opholdte,2
220,2
forvildret,2
ufeilbarlige,2
bekiende,2
indfestning,2
october,2
skriver-dreng,2
hengiven,2
ærer,2
adspørge,2
oprøriske,2
kierte,2
forblev,2
malcontanter,2
modige,2
total,2
uddeeling,2
8ß,2
bukkede,2
brugbare,2
rødmede,2
øiensynlige,2
virknings-arbeide,2
udvandringer,2
træffer,2
beroede,2
jyder,2
klasser,2
dulce,2
natale,2
mellemste,2
kiøre-dage,2
telse,2
menneskeven,2
solum,2
snige,2
bierger,2
indgangen,2
rundelig,2
almindeligere,2
forarbejdning,2
benytter,2
hoverie-anordningen,2
studere,2
løgner,2
daglønner-penge,2
pande,2
modtages,2
marke,2
understaaer,2
udgaaet,2
vedkomme,2
forskylde,2
hov,2
mælde,2
havte,2
pisk,2
brødre,2
tilskuere,2
begravelses,2
anstødssteen,2
omgangs,2
fritager,2
strængere,2
behandlingsmaader,2
forrykt,2
fradragne,2
spørgsmaal,2
adspurgt,2
hoyst,2
omstøde,2
litteratur,2
opgaae,2
sædvanligt,2
indtryk,2
rigtigt,2
slagtning,2
tieneste-karlen,2
tærskning,2
mark-arbeidet,2
eies,2
møgagning,2
negtet,2
dievle,2
moer,2
avinds,2
optegnelse,2
livstiid,2
forløste,2
bekostet,2
skifteforretningen,2
smilede,2
voves,2
bryst,2
gule,2
indenrigs,2
faderens,2
ladning,2
espen,2
nielsen,2
hvid,2
166,2
synet,2
hændelse,2
stavet,2
hvilende,2
bortjaget,2
velmeent,2
tilsætte,2
udvider,2
stadens,2
iverksettelsen,2
gad,2
romerne,2
skielvende,2
tidender,2
helbredet,2
stevne,2
hadere,2
læremestere,2
spaadom,2
titul,2
husk,2
sælskaber,2
aftræk,2
trekholts,2
opvoxe,2
exemplariter,2
søm,2
oprørt,2
knibe,2
gal,2
hælene,2
kilden,2
udspioneret,2
galgen,2
kongeriget,2
ænder,2
kiek,2
endeligen,2
beflutning,2
videnskaberne,2
plantevæsenet,2
dyrevæsenet,2
haarkløverie,2
seent,2
pagters,2
tilføier,2
studentere,2
præsternes,2
iverksette,2
vinskibelighed,2
paakom,2
giødskning,2
klarhed,2
bestemmet,2
nærme,2
raadvildhed,2
glemmes,2
indretnings,2
lærdomme,2
paatale,2
flugten,2
octobr,2
retternes,2
besidderne,2
mordere,2
situationer,2
blomsterstuen,2
indfestnings-penge,2
tjenere,2
auctionen,2
inqvisition,2
engelands,2
lovgiverens,2
kabinettet,2
tilbytte,2
iagttagelse,2
oprejsning,2
oplæst,2
drivende,2
roeskilde,2
væirliget,2
eftermand,2
eftergivende,2
fortrydelse,2
420,2
hovnings-bønderne,2
irettesættelse,2
øyesynet,2
forsee,2
medgaae,2
6000,2
herredsfogeden,2
regula,2
sagtens,2
vedtage,2
bøyelige,2
haaret,2
læses,2
gen,2
sigte-punkt,2
venlig,2
ducater,2
begegnet,2
columbas,2
corvis,2
veniam,2
bremset,2
fæst,2
fedt,2
skrabet,2
roligere,2
skyts,2
vaadt,2
foregiver,2
kaaberstikker,2
tring,2
sildigt,2
krum,2
tilsiges,2
urolighed,2
bevilgning,2
vandflod,2
fæste-brev,2
modsigelser,2
pungen,2
trøye,2
udstæde,2
tvangs,2
lee,2
gjørende,2
erstattet,2
overtaler,2
need,2
rang,2
stræng,2
indvendninger,2
aflægger,2
gider,2
houbønder,2
skrif,2
sveen,2
stunder,2
destricter,2
afgaaer,2
inderlige,2
godtgiørelse,2
bortsælgelse,2
vendige,2
regnskaber,2
202,2
giette,2
haster,2
oplæses,2
regnskaberne,2
paastaaet,2
forhugget,2
undværlige,2
slider,2
lysthavende,2
tømmermand,2
udtærsket,2
laas,2
amusere,2
kassen,2
veiens,2
ophøyet,2
sneget,2
skaaret,2
liderligheder,2
slemme,2
1/4,2
arbeids-dage,2
erik,2
indtrædelses,2
hinderlig,2
ansatt,2
genhed,2
forfærdigende,2
8000,2
tilkiendes,2
henhøre,2
viiseligen,2
udøses,2
20de,2
arbeids-dagene,2
klyne-mosen,2
bagtalelse,2
tilvext,2
consumptions-forpagterne,2
turdet,2
opfyldte,2
vilkaarlige,2
grundlov,2
bekræftet,2
tromle,2
skielver,2
reysendes,2
forpløyning,2
pilatus,2
attesterne,2
bedækkede,2
agerne,2
stædernes,2
antegning,2
recensent,2
strygende,2
søgning,2
lande-veye,2
rongeneret,2
750,2
forhaabning,2
helligt,2
vedder,2
opmaalingen,2
sognemænd,2
meenighed,2
mæn,2
ophævedes,2
ihenseende,2
latterlig,2
prøvers,2
pd,2
karakteer,2
soer,2
broelagte,2
kjøbstæder,2
attestere,2
forefalden,2
indhugges,2
overilelse,2
anmærkes,2
baronessen,2
skikaner,2
kompasviisning,2
fuldførte,2
kroe,2
sigtepunkt,2
fjelde,2
hav-søe,2
bekker,2
opmaalende,2
bernstorff,2
hvoriblant,2
bratingshøi,2
bernstorffske,2
afbildnings-tegninger,2
urimelig,2
sønden,2
vest,2
ledsaget,2
allermeest,2
oa,2
tungere,2
visende,2
mærkværdige,2
anordner,2
beskrivelsers,2
sjette,2
gieldte,2
roser,2
eftertænker,2
gruer,2
tilsidesat,2
forsadt,2
debitor,2
imodtages,2
retteligen,2
formiddagen,2
væir,2
stakkelen,2
bremerholm,2
bæst,2
befaredes,2
cautionen,2
40000,2
saaed,2
ihukommelse,2
idsige,2
stedbørn,2
grov,2
tegne,2
forestilte,2
skrivning,2
herredsfogedens,2
fortræd,2
venderne,2
bortgang,2
kiøberen,2
prakkere,2
fortrøstning,2
forglemmes,2
mageligste,2
ordinaire,2
ekonomie,2
sparsomhed,2
benaades,2
trekholtes,2
beskeen,2
indstaae,2
moeden,2
accurat,2
stole,2
tran,2
journal,2
forventede,2
stig,2
udsuede,2
kyndighed,2
presenter,2
ridende,2
værelser,2
giensvar,2
beleyligere,2
bedrøver,2
talers,2
overhørelse,2
velgrundede,2
ulydighed,2
forlystelser,2
udskregne,2
ubodeligt,2
taxeres,2
leer-jord,2
amtets,2
fællig,2
overlægge,2
hovarbejde,2
uformeent,2
omløber,2
troligt,2
urigtigt,2
jevnlige,2
reist,2
18de,2
stavn,2
regieringsform,2
almindeligst,2
misunde,2
bortgive,2
lokke,2
grøn,2
uindskrænked,2
besvaring,2
recommenderet,2
controlleur,2
forarmed,2
fordom,2
usund,2
justice-fiscalerne,2
fordærvet,2
officio,2
skjebne,2
afveies,2
lodseierne,2
local-undersøgning,2
herligheds,2
indgaae,2
ufordeelagtigste,2
slutningen,2
medvirkende,2
frafalde,2
skovning,2
fiscalerne,2
vægtere,2
sandbanker,2
øiensynlig,2
bymændene,2
aftvinges,2
forurettet,2
umennesker,2
kreaturs,2
tilliggende,2
hee,2
eenfoldig,2
gruesomhed,2
utilstrækkelige,2
maj,2
ulykkeligste,2
blank,2
fogedens,2
vanskeligheden,2
beundring,2
bestræber,2
aarsages,2
udbetales,2
bæsterne,2
hakke,2
tilbringe,2
plaster,2
gane,2
opsatte,2
taxeringen,2
pløjede,2
nævnede,2
menne,2
tor,2
lethed,2
yndede,2
naboernes,2
regul,2
rammer,2
jordegodsers,2
forbedrere,2
undskyldes,2
bemestret,2
herhen,2
mistbedene,2
aleneste,2
tur,2
ager-land,2
jura,2
fortrinnet,2
skov-jordens,2
venne,2
ihvor,2
lægsmand,2
lodtrækning,2
tilfalden,2
valte,2
dan,2
paadraget,2
afhængig,2
vaklende,2
taktiken,2
lade-fogden,2
tilveye,2
udskrivning,2
fleng,2
rekrutering,2
bortfæstet,2
vanslægter,2
advocater,2
forlegenhed,2
tilfaldt,2
hendelse,2
provinz,2
forbigangne,2
udskrevne,2
skattet,2
birkefogder,2
spæd,2
kjendes,2
paaseet,2
underholdte,2
bortsolgte,2
romere,2
gieldnere,2
forrykkes,2
mynster,2
græsses,2
plagen,2
skattene,2
strabatser,2
grav,2
opladte,2
opløses,2
undskylde,2
afveyer,2
fryse,2
malke-koe,2
praktiske,2
forudsette,2
oeconomiens,2
udgangen,2
borgestuen,2
opfindes,2
udødelighed,2
moses,2
ellevte,2
mikkelsdag,2
nysgierrig,2
hov-terskningen,2
ruineres,2
slip,2
standens,2
trykkende,2
adfærd,2
skaanet,2
kyllinger,2
uligheden,2
foreskriver,2
overall,2
tørve,2
skaanede,2
specificeret,2
hov-arbeydet,2
dant,2
ingens,2
tiende-eyerne,2
overvundne,2
hensidde,2
tilrede,2
magelagt,2
dyrkende,2
sammenstødende,2
helbredelse,2
avanceret,2
forbandelse,2
hastigste,2
ringer,2
fæle,2
dydige,2
overveye,2
udydige,2
1759,2
1758,2
udmeldte,2
aastedet,2
talrigt,2
fremkalder,2
pleyer,2
degne-traver,2
kirke,2
tilgavns,2
skiødesløs,2
tageren,2
korn-tienderne,2
gruesomme,2
giere,2
øvede,2
commissarierne,2
mortensdag,2
juni,2
bieting,2
skifternes,2
tilskrives,2
rester,2
differerer,2
gængse,2
engpletter,2
engbunden,2
rug-sæd,2
fæstning,2
parti,2
forretningens,2
redsel,2
overdrevet,2
indgrøftes,2
behandlinger,2
forbød,2
hovedsag,2
almin,2
vaar-korn,2
ryggen,2
indien,2
bæsters,2
hujus,2
overdrevne,2
priserne,2
monarkie,2
veierliget,2
misbrugt,2
udsendes,2
hastighed,2
dristige,2
vedligeholdt,2
taaleligt,2
ryggesløse,2
herunder,2
medio,2
dilation,2
eragtedes,2
fund,2
perfonligen,2
registrering,2
barndom,2
undervises,2
sindelaug,2
opsyns,2
fælle,2
restancen,2
barm,2
afgrave,2
bestemmelser,2
medlidende,2
afmægtige,2
sogne-fogdens,2
pløjeland,2
negre,2
bonderkarle,2
undlade,2
særskilte,2
henfalder,2
landgildens,2
skiebnen,2
kiønnet,2
fierdingkar,2
forlorne,2
caffee,2
forhaanden,2
ufeylbar,2
tilbøyelig,2
lynild,2
aabninger,2
fremfører,2
udlader,2
hæftig,2
øverst,2
beed,2
velan,2
inddeelinger,2
spidsen,2
liderligste,2
experimentale,2
afkaste,2
vogn-heste,2
krone,2
1600,2
præmisser,2
hugges,2
meene,2
overløber,2
almisse,2
sessionerne,2
arbejdet,2
2do,2
forræder,2
omhugget,2
kappen,2
vitterlig,2
æres-tegn,2
hævn,2
andragende,2
buden,2
formilde,2
egenraadig,2
arven,2
udtænkes,2
krybe,2
jordbund,2
ner,2
rummet,2
billigheds,2
ergo,2
lægsmanden,2
hiorder,2
flyve,2
stervboen,2
medynk,2
hjemsøgt,2
vigtigt,2
bondekonen,2
skalte,2
firedobbelte,2
forma,2
fremspire,2
fæ,2
spire,2
incommodum,2
sæde-arter,2
forsøde,2
gros,2
commodum,2
frembringes,2
indkaldes,2
kildevæld,2
erkiendes,2
afskyelige,2
indgroet,2
plovs,2
jurister,2
synsmænd,2
halvdeelen,2
siddet,2
erkyndiger,2
udmelde,2
decidere,2
uvirksomhed,2
imponeres,2
eftergivelse,2
avls,2
undseelige,2
medfød,2
tiggerne,2
send,2
stemplet,2
beest,2
land-huusholdnings,2
ærende,2
fortjente,2
sutor,2
oppebiet,2
privato,2
veylede,2
ekonomisters,2
uforskammet,2
uforskammenhed,2
huusleye,2
indsat,2
tone,2
velgierninger,2
forekom,2
fortvivlelse,2
ædelmodige,2
alrid,2
omvendte,2
medbringe,2
forbindtlig,2
skrivelse,2
ligesindede,2
geleidet,2
vinter-maaneder,2
forbandede,2
adspredet,2
hoved-gaarde,2
professioner,2
arrestere,2
efterleve,2
omløbende,2
fruentimmerne,2
forglemte,2
forskjellige,2
hoverie-reglement,2
land-huusholdningen,2
meeningers,2
indskrenkes,2
skammer,2
târ,2
uddele,2
misgierninger,2
eyerens,2
hovedgaards-avlingen,2
forskaanede,2
angaar,2
udvirker,2
subjekt,2
gevalt,2
udseet,2
fores,2
indeværende,2
stive,2
strængeste,2
godtbefindende,2
capitels,2
forgiæves,2
nedhugges,2
matricul,2
frembryder,2
oylyste,2
hedte,2
statsmand,2
ringhed,2
vædere,2
opfød,2
bindehund,2
øiemed,2
arvemidler,2
authoriseret,2
upartiskhed,2
physiske,2
misfornøielse,2
papir,2
cassa,2
forløben,2
smukkere,2
andrage,2
doctor,2
forsikkring,2
tilhørerne,2
krigshær,2
hoveriers,2
pløje-land,2
ligegyldighed,2
afskeed,2
general-landvæsens,2
tilførn,2
spader,2
høihed,2
implicerede,2
korn-mangel,2
belønnes,2
jevnet,2
forskydes,2
sukket,2
belønnede,2
arvefæste,2
ærekier,2
sterke,2
directe,2
redeligste,2
physiken,2
indhøstningen,2
midlere,2
flokke,2
forset,2
velgiørere,2
valgt,2
værdigheder,2
krigsmagt,2
ædelste,2
frue,2
fægte,2
retournerer,2
tillegge,2
fattedes,2
overbeviiste,2
udbredet,2
meyer,2
rekke,2
unaade,2
praxis,2
jevn,2
uhældige,2
soldaters,2
skovlæs,2
landgodsernes,2
partikulær,2
igiennemløbe,2
distrikt,2
landmaalningen,2
departementer,2
fordret,2
forkynde,2
physisk,2
skolers,2
skattende,2
plantet,2
afkroge,2
listige,2
gartneriet,2
myndlingen,2
vexten,2
bondesøn,2
jordegods-eierens,2
glemte,2
udøvet,2
gavn-tømmer,2
foretrekke,2
ligelig,2
hørsommelighed,2
sterkere,2
hierner,2
grev,2
maximer,2
rantzau,2
lovgivende,2
opelske,2
aschberg,2
hverves,2
compagnie-cheffen,2
partikulære,2
qvinderne,2
maalt,2
understaae,2
digte,2
ramme,2
u,2
reserva,2
røg,2
tienstdygtige,2
omstøbt,2
tilvoxende,2
øyensynlige,2
savnedes,2
elendigste,2
tyrannie,2
sognefoged,2
mer,2
grusomhed,2
forbauset,2
gyldigste,2
13de,2
95,2
bestes,2
folkenes,2
fuldkomment,2
haandhæves,2
udlevede,2
utallig,2
menniskelige,2
udgiorde,2
forestaae,2
maafkee,2
grøden,2
kiærlighed,2
besmykkelse,2
venners,2
lande-veyene,2
jagdfølge,2
stader,2
huusfædre,2
raadeligt,2
kræves,2
raadighed,2
stodder,2
priisværdigste,2
mekanisk,2
konsterne,2
forhindredes,2
modneste,2
veier,2
grøftning,2
pløjet,2
vedvarenhed,2
røgte,2
eftersees,2
særdeeleshed,2
vurderingen,2
beslagen,2
plov-bæster,2
irettesettelse,2
kronens,2
opgulve,2
bedrøveligt,2
constantinopel,2
bygnings-materialier,2
forvandlede,2
correspondents,2
oxekiød,2
loe,2
ek,2
grønlandske,2
leyes,2
arilds,2
finmarkske,2
herskabers,2
forelægge,2
arbeideren,2
vreed,2
lode,2
tomme,2
sommer-føde,2
elskværdige,2
forend,2
larme,2
biskopperne,2
langsomme,2
trues,2
tøi,2
nægtet,2
øyemerket,2
anslagen,2
giæster,2
immediate,2
mediate,2
tjenestepiger,2
naaet,2
skiebnens,2
collegio,2
beskikkelse,2
barsel,2
ekkelhed,2
brøllupper,2
opvarte,2
bie-avling,2
jus,2
les,2
folke-formerelsen,2
indflytte,2
poder,2
dievelen,2
sikkreste,2
beskyldes,2
mageligere,2
ufornærmede,2
paalagde,2
egtestandens,2
forordningernes,2
formerelsen,2
medbringer,2
eensomhed,2
bebygte,2
get,2
florerer,2
foraars,2
tyvende,2
absurde,2
nødvendigen,2
arbeydsomme,2
lucindes,2
forurettede,2
16de,2
navnlig,2
general-land-væsenets,2
ulydige,2
opkastede,2
giennemgaaede,2
hovedveyene,2
david,2
udygtig,2
grobene,2
folkelønnen,2
bie-avlingen,2
patriam,2
grob,2
rommernes,2
uomstødelige,2
høylovlige,2
lodtagne,2
kiøbstæd-folk,2
status,2
aug,2
udlagte,2
viseligen,2
vaarkornet,2
chabhan,2
paalegger,2
forretter,2
skiorten,2
stegne,2
forraadnet,2
udsuet,2
bønderbørnene,2
afdrager,2
nyligen,2
forsmægte,2
atten,2
houfrie,2
8de,2
øder,2
pløyer,2
tilføyede,2
fremlagt,2
amtmænd,2
indskrivning,2
syns,2
jøde,2
jøder,2
truer,2
jespers,2
afsides,2
slæder,2
general-landvæsenets,2
uddrevne,2
øvrig,2
usandfærdighed,2
ligesaadan,2
føyet,2
hyppige,2
naboers,2
riff,2
flyttede,2
lidenskaber,2
latter,2
hidder,2
odens,2
principer,2
indsiddere,2
sendes,2
uskyldighed,2
umenneskelig,2
forplantende,2
ønskeligste,2
vanskeligste,2
skiærpet,2
angrebet,2
slutteriet,2
gaardmændenes,2
tildraget,2
dandse,2
evighed,2
habile,2
hyæner,2
skare,2
sædler,2
bønder-godset,2
glubende,2
gaar,2
projektmagere,2
papiir-penge,2
uformodentlige,2
lavere,2
uhørte,2
uværdig,2
fæste-ledig,2
glem,2
brøde,2
foræret,2
gemeeneste,2
skriveri,2
ener,2
korn-sæd,2
forsøget,2
angreb,2
frugtbringende,2
forliis,2
bearbeide,2
qvæg-sygdommen,2
soelen,2
sikkerst,2
medgift,2
ynkelig,2
148,2
eyendommens,2
philodanus,2
81,2
overskudd,2
forvejen,2
udtager,2
anklager,2
reneste,2
nedrighed,2
penge-mulet,2
svie,2
hoverie-arbeide,2
overile,2
skilt,2
beskeed,2
arbeidede,2
medhustruer,2
elleve,2
aulet,2
forønskede,2
anliggende,2
fyrighed,2
trygge,2
forestillingen,2
kornhandelen,2
miner,2
slavinder,2
omhyggeligen,2
retskaffent,2
præke,2
hendet,2
beskæftigelse,2
mavre,2
regieret,2
seyeren,2
henlagte,2
stud,2
palladser,2
boesiddende,2
sammenknyttede,2
seyervindinger,2
aarings-sviin,2
omsonst,2
dispute,2
velmenende,2
indbegreb,2
overskov,2
gaardmandens,2
folkerige,2
afgifterne,2
hartkornets,2
udeblive,2
anseeligere,2
overvindes,2
beflitter,2
bønder-karle,2
bekymret,2
underskov,2
snare,2
anstalterne,2
drengen,2
begravne,2
laanes,2
medici,2
disposition,2
li,2
jord-æbler,2
paven,2
bonde-arbeide,2
kyster,2
inderste,2
hisset,2
printzen,2
vertskaber,2
cyrus,2
xenophon,2
glemt,2
stadige,2
liighed,2
paataget,2
fuldendt,2
dervisker,2
ulydig,2
hoved-post,2
lydelig,2
tilhobe,2
længes,2
velsigne,2
hielpe-middel,2
acter,2
skriverpenge,2
boelsmænd,2
pløyes,2
ubrugbare,2
vangen,2
deeler,2
katholikerne,2
qvindmennesker,2
2det,2
underskrives,2
tvet,2
frosten,2
lind,2
tilføre,2
forevise,2
hovbønderne,2
commissarier,2
hugger,2
brugeligt,2
hvede-brød,2
veyrliget,2
recensentere,2
vinkelskriver,2
indhegninger,2
tall,2
landeveyene,2
ydmyg,2
indtraf,2
læsser,2
eftermaaler,2
ustraffet,2
fritagne,2
opmaalt,2
afbygger-gaarde,2
ufeylbarlig,2
skiftetiden,2
skaffede,2
erlangelse,2
1746,2
tes,2
fratages,2
skoleholdere,2
forslage,2
skikkeligste,2
beskrevne,2
skoleholderen,2
tilmed,2
angives,2
uemfindtlighed,2
reyst,2
uddrages,2
hovedforfatning,2
uretfærdigheder,2
tørve-moser,2
geist,2
dorsk,2
hængende,2
næseviise,2
forfængeligheds,2
udstuderet,2
udøvelsen,2
overskyder,2
trave-hobene,2
vandsteder,2
regnvejr,2
arbeydskarle,2
længste,2
leyede,2
uophørlig,2
efterladen,2
udgiøres,2
lunken,2
ubundne,2
daarligt,2
selveyer,2
afdeelte,2
vitterligt,2
sparetimer,2
land-oeconomien,2
frihedens,2
priseligere,2
priseligt,2
afmaaler,2
qvartaler,2
giørlig,2
indhenter,2
fti,2
skynder,2
udhungrer,2
protestantiske,2
ender,2
rygtet,2
konerne,2
svig,2
grusom,2
qvæl,2
ægteskabs,2
falil,2
uvillighed,2
giveren,2
pengenes,2
saadane,2
droge,2
privilegium,2
aabenbart,2
ydt,2
opbryde,2
nabo,2
verdiges,2
beviset,2
contrakt,2
mindes,2
sieldenheder,2
forlegne,2
optages,2
løbet,2
kierve,2
tagerne,2
revenuer,2
grønt,2
opsigten,2
stavnen,2
taaleligste,2
promulgeret,2
landgilder,2
seen,2
aabnede,2
præsters,2
egtestanden,2
gratis,2
bisper,2
forurettelse,2
armen,2
vrangvillige,2
tiende-tager,2
slægters,2
mislig,2
brud,2
karakter,2
omgiengelse,2
boeliger,2
tiltagende,2
tiendernes,2
tilbud,2
land-commissarier,2
tvingende,2
virksom,2
obligation,2
foden,2
temperament,2
hungre,2
ydere,2
tørve-moese,2
attraaes,2
negtes,2
projectet,2
usikkerheds,2
udterske,2
reparation,2
urtegaardsmand,2
undres,2
adskilles,2
græsgangen,2
vuggen,2
ladeplads,2
proportioneres,2
ev,2
ru,2
colonister,2
ærværdige,2
sands,2
landhuusholdning,2
indtægterne,2
indsendt,2
derviskerne,2
smagt,2
skifters,2
injuria,2
velgierning,2
landmaalerne,2
pantsætte,2
volenti,2
udbede,2
indrenter,2
skattefrihed,2
bønderkarlenes,2
udterskes,2
terskningen,2
naadestegn,2
fogeds,2
principia,2
oplæres,2
reformationen,2
heste-haver,2
hækker,2
bondegaards,2
sæde-jord,2
formindskede,2
dyrest,2
snydt,2
fæsteledighed,2
ægtestanden,2
befalninger,2
land-jord,2
usikker,2
ydelse,2
kald,2
kappedes,2
ungefær,2
1688,2
forgaae,2
inddeeles,2
ken,2
udbrede,2
sognets,2
4/5,2
cent,2
havedyrkningen,2
uryggeligste,2
nydelsen,2
huuset,2
bispernes,2
stridigheder,2
rygtning,2
overilede,2
tilregne,2
red,2
contraheret,2
stats-videnskaben,2
frugtesløse,2
controlleurer,2
bonde-byen,2
løve,2
sørgelige,2
snedighed,2
93,2
tienestgiørende,2
politikus,2
militair-tieneste,2
opmaale,2
kunstneren,2
te,2
tilveiebringende,2
kongeligt,2
værdigste,2
hiine,2
attributum,2
resp,2
dagdrivere,2
paabyrde,2
700,2
uben,2
supponeres,2
betryk,2
tilsetning,2
normand,2
klogeste,2
opbygte,2
forkaster,2
udsige,2
bortkastet,2
overgivet,2
forbrug,2
tyrannisere,2
grund-lovene,2
uventelige,2
fuldført,2
forkeerte,2
91,2
berygtede,2
opløfte,2
utidig,2
søefarten,2
repressalier,2
skadesløs,2
sjælland,2
nyemodige,2
fiendskab,2
92,2
uræt,2
overdraget,2
consumptions-afgift,2
udstrakt,2
omgangsmaade,2
deylige,2
fødeland,2
gulve,2
fornøjelig,2
indrykket,2
dødende,2
berømmelse,2
testamente,2
udslukker,2
forfører,2
financer,2
allerhøystsamme,2
dyblærd,2
læge,2
forvidt,2
ildebrands,2
hud,2
læe,2
herhos,2
vildbane,2
terminer,2
lye,2
himmelens,2
drukne,2
nedstyrte,2
magazins,2
liniers,2
forskrækkeligt,2
bene,2
fædrene-landet,2
bespændt,2
thron-følgen,2
uforsigtige,2
værdigst,2
boed,2
personel-skat,2
maalstav,2
skiæl,2
proponere,2
overdaadigheds,2
ildslue,2
forpligtelse,2
knallende,2
maskiner,2
fordærvelig,2
stank,2
passage,2
fornærmeligt,2
vaskning,2
oversættes,2
fornemmelse,2
styrtede,2
tilegner,2
bestyres,2
uddunstning,2
kaagning,2
svogerskab,2
sirkel,2
profitabel,2
drifter,2
anlagte,2
forvirrer,2
42000,2
adelens,2
antecessorum,2
angenemme,2
giftigste,2
fødsels,2
besluttet,2
veiledning,2
indbefattes,2
begribelige,2
ufornødne,2
forglemme,2
idet,2
nymodige,2
zirlig,2
85,2
iværende,2
aabenbarede,2
rasede,2
formændenes,2
flippe,2
udelugt,2
fritanke-skrifter,2
etablissement,2
seenesaft,2
ryddet,2
suppe,2
philosophie,2
spurgt,2
opklække,2
utøi,2
forebygget,2
forkaste,2
andragelse,2
sadte,2
modsigende,2
efterforske,2
giengield,2
følet,2
merkelig,2
ufuldkomne,2
tilveiebragt,2
dagene,2
fremdeeles,2
forefaldne,2
philodani,2
hengivne,2
æmulation,2
hændes,2
fuldende,2
moral,2
tvivlsom,2
magister,2
lættet,2
afvigelse,2
carl,2
89,2
negen,2
mølle,2
bifalder,2
monarchiets,2
oprigtighed,2
grundige,2
guldmager-kunsten,2
forbindtlighed,2
græs-penge,2
crepere,2
stiller,2
anlægs,2
maaderne,2
riddere,2
sanke,2
stil,2
skabet,2
opdages,2
creaturet,2
imodtog,2
gevinster,2
formeeret,2
vogter,2
tilstaaede,2
uanstændig,2
oppebørsels,2
stifter,2
veemodighed,2
88,2
indkiøbe,2
modtagelse,2
opsøger,2
fjeldene,2
live,2
verserer,2
drivefiedre,2
farlighed,2
merker,2
grundpiller,2
forbædrende,2
landgrunde,2
87,2
hindrede,2
berg-verker,2
delte,2
traade,2
gevinstes,2
indfæstnings,2
epigramma,2
begierlige,2
gulds,2
contraherende,2
spilfægterie,2
paafund,2
forødede,2
afridsning,2
fostere,2
modenhed,2
hielpemiddel,2
109,2
spøel,2
dyrebare,2
formørkelse,2
friegivet,2
lysestraaler,2
senernes,2
alleting,2
næremidlernes,2
110,2
spøl,2
alleryndigste,2
klareste,2
tilsidesættes,2
skraae,2
daglønner,2
erobring,2
arbeidsomhed,2
fordring,2
111,2
uundgiengelige,2
middelpunkt,2
tryg,2
gieldbunden,2
recommenderes,2
bøies,2
sammenblandede,2
qvalificerede,2
vanvittige,2
fortriin,2
klarseende,2
rigerne,2
billigere,2
øll,2
forhandlende,2
sundere,2
følelsen,2
unødvendige,2
bløde,2
ordineres,2
anordningers,2
paastod,2
stiger,2
alvorlighed,2
maskerede,2
farne,2
uforsagt,2
heftelse,2
lidelse,2
hændernes,2
extraordinaire,2
saar,2
eftertænkt,2
108,2
qvindfolk,2
straffer,2
rigernes,2
pot,2
krævet,2
slægts,2
fuldkomnere,2
folke-mengden,2
jordbrugets,2
bekoste,2
anlediget,2
projekt,2
løsgav,2
skriverkarl,2
saligheds,2
giennemlæsning,2
capit,2
opbyggede,2
reglering,2
betlerie,2
projectmager,2
lovbog,2
saliggiørere,2
befordringer,2
ubeqvemmeste,2
betænknings,2
besværet,2
milde,2
kierligheds,2
indbydelse,2
supplicanter,2
grusomme,2
munter,2
paadragende,2
dyrhed,2
soulagement,2
klogelig,2
ønskers,2
patroner,2
allerbedst,2
ødelegges,2
bekiendtere,2
hændelser,2
stikkelige,2
daarlig,2
geistlighedens,2
bevilget,2
trykfeyl,2
113,2
godsherrernes,2
ansøgning,2
meriterede,2
uordentlige,2
forholds,2
moders,2
entrere,2
supposition,2
freden,2
tilstands,2
rar,2
fand,2
forpligtede,2
per,2
stiftets,2
oplede,2
faderløse,2
stiftede,2
gjør,2
opholdsstæder,2
erme,2
sye,2
stridigt,2
frygtagtighed,2
dumhed,2
liveegnes,2
benægtes,2
overensstemmende,2
bryderie,2
hospital,2
benævnelse,2
udvises,2
hospitalerne,2
forst,2
ringen,2
liveegen,2
personerne,2
saafom,2
regnings,2
finere,2
101,2
1386,2
mørkt,2
veirlig,2
states,2
hær,2
indavling,2
beskieftiger,2
gehalt,2
lunde,2
udsalg,2
forundte,2
igjennem,2
markederne,2
620,2
smelter,2
øiesynet,2
hielperes,2
vindue,2
opmærksomme,2
vandrings,2
reisende,2
bestod,2
liveegenhedens,2
fugl,2
udførligere,2
tilladte,2
kinder,2
98,2
opælskning,2
henledes,2
erlagt,2
urtegaardsmænd,2
forbemelt,2
skabere,2
øieblik,2
strakte,2
gelse,2
beredskab,2
striden,2
esprit,2
ogfaa,2
sandsernes,2
opvækkende,2
oxehandelen,2
flytter,2
fingrene,2
udbygningerne,2
nedslagne,2
overdaadige,2
menniskets,2
merkede,2
bevæ,2
oekonomiske,2
fædres,2
florere,2
tvivlsomme,2
huusbonde,2
sparsommelig,2
tilbøjelighed,2
udraabt,2
svækkelse,2
ejerens,2
allerhøistpriseligste,2
opdragelsen,2
fordeler,2
skabelse,2
importeret,2
forpflegnings-penge,2
middelmaadige,2
spinderier,2
indbragte,2
ligesaalidet,2
tiltroe,2
friemestere,2
fuskere,2
lignet,2
beester,2
betakker,2
forstyrrelse,2
public,2
hegle,2
forstyrrer,2
omgænge,2
underpant,2
uroelig,2
alltiid,2
foruroeliger,2
slaviske,2
slaaes,2
bundet,2
zoologie,2
stipuleret,2
glas,2
krybende,2
bekjendtgjøres,2
uovervindelig,2
søndersprænge,2
seculo,2
fæstninger,2
arbores,2
agtsom,2
understøttede,2
modbydelighed,2
omkaste,2
skiøtter,2
sæds,2
prægtigste,2
fals,2
yndig,2
nederste,2
indhøstes,2
beundre,2
ydende,2
fortreffelige,2
piller,2
skiønsomme,2
hykler,2
naades,2
capitalister,2
afgangen,2
velsindet,2
sæde-løn,2
forsætlige,2
ubesindige,2
conserveret,2
jord-drotterne,2
kolde,2
tivende,2
pinguicula,2
forsikkres,2
bølger,2
grumhed,2
landsfaderlige,2
udbyggere,2
brusende,2
beregningen,2
aadsel,2
stinkende,2
plinius,2
møysommelige,2
partie,2
stolte,2
gemenlig,2
hovedgaarders,2
saltet,2
forudseet,2
forvaltet,2
muskater,2
vaaningssteder,2
tilstrække,2
wordingborg,2
stipulerede,2
jordkreds,2
grundighed,2
vittighed,2
plougs,2
forvente,2
indenlansk,2
ben,2
akademies,2
proportionaliter,2
methode,2
provincerne,2
højtliggende,2
eragtet,2
morads,2
høefrøe,2
engmark,2
videnskabers,2
arten,2
enroullerede,2
bortforpagter,2
fortræffelige,2
participere,2
høistberømmelige,2
beslutte,2
botanici,2
kyndigste,2
endskiøndt,2
skabers,2
sammensatte,2
nedsættelse,2
177,2
beholt,2
forblindet,2
neglike-træer,2
afsigt,2
begik,2
uforsigtighed,2
arabia,2
felix,2
kraftigt,2
bereed,2
vittigste,2
lofter,2
nødtørft,2
ges,2
orme,2
natur-kundskaben,2
forpagteres,2
nøgel,2
beviserne,2
efterhøst,2
pære,2
hematopilon,2
indskydes,2
pengeløn,2
gende,2
udstrækkes,2
distingveret,2
enroullering,2
sammenholden,2
voldsomme,2
rætten,2
markeskiel,2
eftertænksomme,2
foranstaltes,2
gemytter,2
prospecter,2
ævne,2
overstiger,2
sumpige,2
moderløse,2
vaersomhed,2
løsnedes,2
livløse,2
bevogte,2
andenstæds,2
spaaer,2
balancere,2
kirsebær,2
beherske,2
1702,2
sognefogden,2
forbigaaet,2
digerne,2
roer,2
føje,2
hinderlige,2
grøfterne,2
brydes,2
befrygtelig,2
talrigste,2
vaarne-standen,2
afhængighed,2
anpriste,2
ombringe,2
uforsøgt,2
praxi,2
matriculen,2
fæets,2
sallat,2
æbler,2
steenige,2
undertrykker,2
steenfrugter,2
qvæle,2
skalfrugter,2
ryggesløs,2
kirkesogn,2
ugunst,2
vaage,2
hoved-aarsag,2
determinerede,2
kampestene,2
tang,2
indfundet,2
udeblev,2
forøgede,2
brand-casse,2
opfostrer,2
svit,2
farverne,2
folke-løn,2
vedkom,2
uafhængige,2
hassel,2
ynsket,2
spirer,2
formeerelsen,2
tiørne,2
kaffe,2
kornagerne,2
riis,2
urene,2
modbydelige,2
folgende,2
sundeste,2
japan,2
forlyste,2
termin,2
trudsel,2
indersters,2
dødt,2
forvandlet,2
berg-betientere,2
forvaret,2
smede,2
marmor,2
vaarne-rættigheden,2
mangfoldig,2
metallerne,2
plaiseer,2
tilsyns-mænd,2
hielpere,2
penge-løn,2
conserveres,2
blivende,2
perdidi,2
penge-mulct,2
operam,2
udsøgte,2
problema,2
negliker,2
oleum,2
timmer,2
yderst,2
opkomstes,2
bieavl,2
afbrændte,2
løg,2
udflyde,2
kaneel,2
sikrere,2
reflexion,2
veiledelse,2
udvælgelse,2
jordgrunden,2
top,2
potentater,2
jaa,2
udkom,2
nedlegge,2
afhandlet,2
opgive,2
modtager,2
ulempe,2
frapløyning,2
mængdes,2
udspiringers,2
ødelægges,2
dybsindige,2
forringes,2
tilstoppes,2
snarer,2
ur,2
frugters,2
smale,2
bærrene,2
regelmæssige,2
naturligste,2
green,2
eftertryk,2
velhavendes,2
haren,2
anstilt,2
imodtager,2
etableres,2
omkostning,2
perle-skiel,2
flugt,2
tidsspilde,2
armee,2
udrættet,2
krigstider,2
indianerne,2
myntes,2
bladenes,2
afskiere,2
heede,2
leie-svenne,2
dæmpe,2
koen,2
hevn,2
usædvanlig,2
spilder,2
nattergalens,2
hoved-hindring,2
forgieldet,2
nærings-safts,2
od,2
stræder,2
beleylige,2
ombytning,2
regnskabs-tegn,2
løver,2
biernes,2
tilkiendegive,2
provintser,2
lodkastning,2
udpine,2
opløse,2
tienligere,2
stadfæstede,2
tractere,2
immerhen,2
vaaren,2
obligationer,2
forbædre,2
ren,2
separation,2
banko-sedler,2
papirs,2
onereuse,2
begaaer,2
banke,2
votum,2
uerfaren,2
ratihabition,2
grøftes,2
slagne,2
discours,2
mødre,2
agtende,2
erholdet,2
senere,2
tildels,2
paolo,2
uforgribelige,2
zechiner,2
udenlanske,2
vee,2
lex,2
betegnet,2
sengeklæder,2
udlægges,2
omgangen,2
dukater,2
uraad,2
jord-arterne,2
ombytted,2
vedvare,2
talet,2
visne,2
uophørlige,2
angler,2
sekkegarn,2
publik,2
anmærkningen,2
udslettelse,2
sidstleden,2
laxefangst,2
misfornøyelse,2
deserteurer,2
strengelig,2
hytter,2
befatter,2
lærerig,2
sand-marker,2
paalagtes,2
æble,2
markdeele,2
rensdyr,2
been,2
field-klipper,2
hovning-giørende,2
intenderes,2
seng,2
nidkiere,2
saft,2
exercere,2
indbegreben,2
under-officer,2
stræbet,2
bedrog,2
nære-middels,2
altfaa,2
hastig-tænkende,2
børne,2
velling,2
forlægenhed,2
fiendtlige,2
lemmernes,2
hopper,2
laplænderne,2
snakker,2
vaager,2
virginien,2
fordums,2
indprænte,2
cultur,2
norden,2
harve-dage,2
afpasses,2
nærings-midlernes,2
lan,2
henimod,2
moderat,2
beordret,2
skjønne,2
culturens,2
regleringer,2
indtægts,2
bundløse,2
væsens,2
præjudice,2
driften,2
linien,2
tvivlsmaale,2
udfletted,2
hovnings-bondens,2
formues,2
historiske,2
forslags,2
fiskere,2
draget,2
slagteren,2
ongefehr,2
pileriis,2
penge-summer,2
desertere,2
stridbarhed,2
feilen,2
august,2
gjærder,2
afsked,2
styrere,2
herlige,2
drømt,2
udførselen,2
statssager,2
kineserne,2
orm,2
fuglene,2
udsprungne,2
forført,2
pilene,2
pante-obligation,2
fritagelse,2
sædens,2
præsenterer,2
fremstilles,2
vanskelighederne,2
gevorben,2
udkræve,2
satser,2
dragoner,2
selv-eiere,2
escadrons,2
nedfalder,2
peu,2
krigs-folk,2
defensions,2
skibsfolk,2
employeres,2
foreslaaes,2
officers,2
forefinder,2
forsvars-stand,2
sikkere,2
pile-træ,2
haandverksfolk,2
far,2
håndterings,2
blomstring,2
uddeles,2
botaniken,2
indsamles,2
fællesskabet,2
regents,2
forbemeldte,2
meddeelte,2
støre,2
salpeter-avlingen,2
benevnte,2
nære-midler,2
bergmand,2
svale,2
troeskab,2
vg,2
opvækkes,2
hovningsfri,2
fælledsskabs,2
støvler,2
trældoms,2
paasees,2
bræder,2
indløber,2
plagefogder,2
hytten,2
sviins,2
aandedræt,2
aabenbarer,2
lægter,2
indflyde,2
afsæt,2
beriger,2
tilbageblivende,2
indkommer,2
udludning,2
deler,2
u-undgiengelig,2
stødt,2
hensettes,2
tet,2
jorddrotterne,2
brugerne,2
forarbeydelse,2
finanzraadens,2
betroes,2
redebonde,2
halmen,2
afkaages,2
uselt,2
brygger,2
accordter,2
siettedeel,2
indskrænkning,2
sammenblandet,2
anhanget,2
anledninger,2
dyre-urin,2
jevnt,2
udgivterne,2
fødevare,2
udbredes,2
sæk,2
befordrings-midler,2
klarere,2
lud,2
vidtudstrakte,2
klare,2
draabe,2
theehandelen,2
kornpriserne,2
kold,2
græsninger,2
ukrudt,2
kiedlen,2
malt,2
kristaller,2
nordmanden,2
virkelses,2
fortyndes,2
kilders,2
contrair,2
gaas,2
troeskabs,2
udøvelses,2
hiernes,2
tanke-billeder,2
bequemme,2
tillukkes,2
sneese,2
lene,2
re,2
virk,2
følende,2
synden,2
kant,2
findelse,2
veiledelser,2
tomt,2
smal,2
proprietair-ven,2
raads,2
blommer,2
tids-spilde,2
svedsker,2
1/8,2
ulædsket,2
afkortes,2
opfindelse,2
bortforpagtede,2
tøile,2
danzig,2
ulden,2
hovgang,2
forvilde,2
agerdyrkerens,2
uhrmager-arbeyde,2
fieldbøigderne,2
fortoldede,2
lev,2
qvem,2
kiøbstæd-næring,2
bes,2
sælland,2
øjensynlig,2
besetter,2
forbedrende,2
historisk,2
protocollen,2
bebyggede,2
ler,2
stuffer,2
udsigende,2
høistbetydelige,2
giærninger,2
bedragelige,2
beraabe,2
svartes,2
afhøres,2
udrettes,2
tydskere,2
flinter,2
prøves,2
kaages,2
igiennemlæse,2
arbejdere,2
tøjle,2
engelsk,2
udgifters,2
afhøre,2
fiskes,2
london,2
regleres,2
eragter,2
klarligen,2
afsige,2
hendelser,2
forarbeidet,2
befor,2
afhør,2
skriveren,2
132,2
sexfold,2
fede-vare,2
landbruget,2
paabuds,2
sæbe,2
karte,2
svend,2
kiøbesummen,2
stervboe,2
mestere,2
udstyre,2
afbildninger,2
løv,2
borttager,2
nedflyder,2
nedlagte,2
oplysende,2
sterk,2
kiøbmands,2
vestlige,2
arves,2
dommerne,2
uforstaaelige,2
indlukte,2
vaar-sæd,2
udflugt,2
ukrudet,2
hukommelse,2
tænkekraft,2
furen,2
sement,2
cg,2
anledige,2
omvexlende,2
tilføiede,2
tingsvidne,2
papiirs,2
slesvig,2
havdes,2
tingdag,2
listig,2
drømmende,2
saml,2
voldsomhed,2
naboes,2
anlægger,2
inddrage,2
sammenligninger,2
overensstemmelse,2
bortgik,2
omtænkende,2
skikkelser,2
hovedgaarde,2
landopmaaling,2
billeders,2
principal,2
iverksætte,2
skrædere,2
anledigede,2
brøstfældigheds,2
kaage,2
patrioten,2
europeiske,2
opofres,2
kornhandlernes,2
andleedning,2
raadelig,2
giemmer,2
efterfølgelse,2
tror,2
begaaes,2
forefinde,2
kede,2
journalisten,2
magert,2
hornqvæg,2
fordeelagtigst,2
plovbæster,2
begribeligt,2
efterår,2
schiellerup,2
mistroe,2
manglede,2
udlæg,2
feylede,2
understøttes,2
omvende,2
udførsels-vahre,2
classe,2
oplyser,2
sigtes,2
længsel,2
kiedsommelig,2
hernæst,2
fremført,2
sikkrere,2
føyes,2
mistænke,2
skilderiet,2
indskrænker,2
handeler,2
kornhandlerne,2
frie-bønder,2
priisens,2
henregne,2
troeværdige,2
neglike-træers,2
vilkaarlig,2
iverksatte,2
veys,2
undtager,2
fortsætte,2
journaler,2
priisen,2
sæde-rug,2
forbiegaae,2
tillavet,2
mulvarpe,2
sædemanden,2
mageligen,2
contradictoriske,2
velsindede,2
uformerkt,2
misbruges,2
sammenknyttet,2
frembyder,2
vellyst,2
mistanke,2
avl,2
societetet,2
hvitfeldts-stræde,2
nevne,2
joh,2
laugene,2
landbrugets,2
suplicanter,2
hovbønder,2
foragtes,2
hungers,2
anseelfe,2
formerker,2
igientaget,2
indavle,2
kunstig,2
udforske,2
nysgierrighed,2
kornhandlere,2
steget,2
boutellier,2
andledning,2
forommeldte,2
inoculationen,2
raadføring,2
fiint,2
skiult,2
landsfader,2
træevahre,2
viides,2
afgives,2
frieheder,2
høystskadelige,2
forplantelse,2
kummerligere,2
tidobbelt,2
stræbte,2
følte,2
sølvet,2
liebhaber,2
provission,2
plantagier,2
hvede,2
brænt,2
grønland,2
vides,2
tøir,2
truende,2
tøires,2
krud,2
lukkes,2
fortærede,2
hidføres,2
stød,2
forhøielse,2
horn-qvæget,2
bergværks,2
forekaster,2
marke-skiel,2
sked,2
slaverne,2
ujevne,2
eragtede,2
lods-eiere,2
bergværkers,2
ophævede,2
bergværkernes,2
drukken,2
land-væsenet,2
koldt,2
droyelse,2
afvigelser,2
districter,2
salpeteren,2
leieren,2
leerkar,2
fortrædeligt,2
rinner,2
tilflyde,2
bondegaarden,2
fordeelagtigere,2
guineiske,2
opædes,2
geleydet,2
føde-vahre,2
godseiere,2
sparte,2
bortdrive,2
avlen,2
bygningens,2
næringsmidler,2
studes,2
vorned-rettighed,2
sæde-agre,2
guinea,2
sporsmaal,2
smørrebrød,2
ynsker,2
ruinerer,2
grød,2
ureen,2
levering,2
forekastes,2
forblevet,2
fabriqverne,2
jensen,2
ɔ,2
flittigt,2
forfængelige,2
uerfarne,2
fugtig,2
paastaaende,2
øiemerke,2
korn-høst,2
iværksat,2
rigsdalere,2
giester,2
lides,2
lykkeligt,2
ziirlig,2
fint,2
tøy,2
europæerne,2
steengierder,2
huusholdere,2
næringer,2
melken,2
benægte,2
angrebne,2
omvexle,2
varmt,2
smitsomme,2
porte,2
engellands,2
dorskhed,2
hovbonde,2
præstegaard,2
avlsgaarde,2
løsgivelse,2
sygen,2
underliggende,2
vovet,2
tillægget,2
træl,2
ædruelighed,2
kiøbende,2
tiendeydere,2
repliqve,2
konsumption,2
opreist,2
stie,2
ufuldkommenheder,2
daad,2
maalestav,2
gods-herrerne,2
afstæd,2
justice-cassen,2
absigter,2
roligheds,2
stevninger,2
piber,2
commando,2
retskiønnende,2
indtægten,2
anmerket,2
beskikker,2
slagteqvæg,2
blaar,2
opbygges,2
forbigaaes,2
avlede,2
forfatnings,2
udødelig,2
gunst,2
bortgaae,2
under-rætter,2
disponere,2
spoleret,2
skrøbeligheder,2
heeles,2
lovmæssige,2
forødes,2
skippere,2
kraage,2
ubeføyet,2
soger,2
borgeres,2
professorer,2
gaardernes,2
vedføiende,2
land-arbeider,2
kaaberstykker,2
misbillige,2
afbilde,2
pension,2
huusholdingsmaade,2
throne,2
ædende,2
krigstieneste,2
skabning,2
straffede,2
fligt,2
brændeviins-redskab,2
oldenborgske,2
uretsindige,2
skarpsindighed,2
hades,2
antreffende,2
styres,2
kysten,2
understøttet,2
ryper,2
anmældelse,2
afbryde,2
indlemme,2
journals,2
afdeelt,2
matricul-skat,2
bondebye,2
hazard,2
kirken,2
huusholdingen,2
kammeralisten,2
hiemføre,2
overdrev,2
klædevahre,2
beviiser,2
lütkens,2
kuler,2
stevning,2
indlæg,2
frede,2
jaget,2
landflygtighed,2
souveraine,2
forstandere,2
forplantes,2
hyklerie,2
plantningen,2
souverainitæt,2
viises,2
indhentes,2
baarnedrettigheden,2
opstegne,2
vit,2
ukrud,2
svært,2
kiede,2
overveielse,2
biefalde,2
skat-kammer,2
eftertid,2
jages,2
stevnemaalet,2
fortælling,2
forskjellig,2
rykkes,2
korn-vare,2
indtreffer,2
binds,2
finanzraad,2
materies,2
bøde,2
hovedgaards-marken,2
axeltorv,2
højeste,2
hovedgaarder,2
lovgiveren,2
grundvolden,2
udløse,2
plage-fogder,2
udregning,2
hørtes,2
næres,2
dristede,2
bestrid,2
tænkende,2
franks,2
eiendommes,2
extra-skatten,2
fælge,2
handelsmand,2
disputer,2
kiøberne,2
steenkul,2
ildesindet,2
ubevandte,2
trone,2
tilsat,2
nærings-veie,2
optagelse,2
selvraadige,2
anke,2
kammeralist,2
sukkende,2
forklarende,2
exemplarisk,2
forhungre,2
ugiort,2
bortforpagtes,2
ynkværdige,2
fritages,2
slagtet,2
kiøbstederne,2
klagelyd,2
pligts,2
blodsdraabe,2
udrustede,2
foretrækkes,2
staldqveg,2
produceres,2
116,2
varede,2
bifaldes,1
sagdes,1
forulykket,1
forestrakte,1
imel,1
belæsset,1
bondetandens,1
mistanken,1
hoverigiørende,1
christenhed,1
tyrannisk,1
udøves,1
artikels,1
opfører,1
øvrighederne,1
hovedgaa,1
bereedskab,1
formodninger,1
gøde,1
jordsdyrkning,1
restance-penge,1
hingstes,1
herte,1
grassere,1
qvægshøved,1
drikkehuus,1
proprietaire-gods,1
"6,7",1
drivesiær,1
fo,1
varieret,1
hoveri-reglementer,1
umulige,1
somm,1
mulcter,1
heste-handel,1
hingsters,1
praktisk,1
skydes,1
embedskneb,1
potentaterne,1
væres,1
ugiørligt,1
herremændene,1
skiæget,1
omhan,1
fortplantede,1
brændsel-biering,1
overmyntforvalter,1
udgræssede,1
fødevahrene,1
menjeg,1
bifaldt,1
bondegaardene,1
nøjagtige,1
lumsk,1
valat,1
naboeskab,1
modifikationer,1
roese,1
1757,1
ufornuft,1
snedigheder,1
ambitioneret,1
rode,1
stork,1
forommeldt,1
underminere,1
redet,1
bøndergoeds,1
veivisere,1
periode,1
kosteligt,1
specieuseste,1
epoke,1
vingerne,1
setninger,1
plankverk,1
efterladene,1
rykke,1
opbud,1
halvveien,1
græsgield,1
forargelig,1
adspred,1
signalisere,1
reformationer,1
modificationer,1
kaperkrig,1
enkes,1
gangen,1
pintzedag,1
sammenlagte,1
herreder,1
jurisdiksioner,1
tingsvidners,1
ynkelige,1
føde-korn,1
røgle,1
opsedsig,1
valeant,1
forslaae,1
vitterligheds,1
herre-gaardens,1
henføre,1
bortveltet,1
fuldbyrde,1
drister,1
overvejelse,1
sluddre,1
ønskes,1
humeri,1
sammenligningen,1
foir,1
hen-og,1
umyndig,1
hjemreisen,1
sprogg,1
seene,1
menneske-venner,1
hoverie-bonderne,1
udfordreude,1
arve-fæstere,1
lænke,1
eegetømmer,1
land-oeconomie,1
spær,1
rigdoms,1
erønskede,1
økonomiske,1
hoverie-pengenes,1
hirschholms,1
deran,1
uædel,1
indtruffet,1
taarerne,1
udrustet,1
gotfindende,1
srek,1
tingsvidnet,1
bagsmek,1
ferre,1
stores,1
foring,1
tige,1
heste-prangere,1
vinkler,1
lænken,1
opvext,1
vejede,1
afvergede,1
vraaer,1
huusbonder,1
udbringer,1
tyre,1
opførsels,1
optænkes,1
kollegium,1
urig,1
hrugt,1
vinskibelige,1
beført,1
kirkemands,1
pardonere,1
oeder,1
retfærdiggiørelse,1
modificere,1
bødet,1
bygningernes,1
kommando,1
vorned,1
loie,1
befrielsen,1
lignelser,1
hindrings,1
lænket,1
borrskienket,1
mang-heste,1
possent,1
husvalet,1
giøede,1
forbe,1
skams,1
laxerer,1
tabtes,1
bonde-bye,1
drivning,1
fremsætter,1
statuerer,1
sverdslag,1
anbringer,1
udsmykkede,1
sloeg,1
vinterfoer,1
hakkelse,1
forheu,1
hor,1
dolos,1
taxerede,1
arbeede,1
malos,1
matrikuleret,1
trækket,1
kornlade,1
mærkeligt,1
ildsvaaden,1
alvises,1
overformynder,1
upartiskt,1
matrikulerede,1
kræfterne,1
ajunt,1
afstedkomme,1
grundlæg,1
ærede,1
adagio,1
land-milicen,1
dynget,1
arbitrair,1
handthævelse,1
mærkningen,1
kapitalist,1
argumenterer,1
protokollerne,1
dokumenterne,1
mandffab,1
"22,000",1
afclarere,1
eftergivne,1
allodialgodsers,1
indfrielse,1
orakel,1
michcls-dag,1
harving,1
konklusionen,1
censurerer,1
oppebæres,1
udfordrcs,1
guld-dose,1
tin-dose,1
farsæt,1
extra-arbeide,1
novbr,1
dusbroder,1
forhøiet,1
tiltænkt,1
tilstæd,1
præcise,1
undflye,1
aanden,1
opbrudt,1
hiertens,1
juulen,1
bly,1
mortens,1
bonde-karls,1
nytaars-dag,1
omstendigheder,1
laveste,1
local-undersøgelser,1
locale,1
nytaarsdag,1
overiile,1
aftærsket,1
local-undersøgelse,1
knurrende,1
bisse-uge,1
maalestokkens,1
skriverbord,1
nedtages,1
hæftelse,1
kurv,1
nyaar,1
stipulerer,1
revenuen,1
beleiligere,1
veiledet,1
akkurat,1
stefolk,1
neskenes,1
hede-brinker,1
udørken,1
henviste,1
fat.te,1
opmaalning,1
bønden,1
mistænkt,1
ubrugbar,1
lempes,1
handlingers,1
angiver,1
feedeste,1
stden,1
hoved-sætninger,1
maaneders,1
bondekarlenes,1
citerte,1
provincies,1
overgaar,1
betænksomme,1
overskylle,1
udkommende,1
u-udtømmeligt,1
fal,1
fordobble,1
tilre,1
festebonde,1
belejligt,1
hundredtusind,1
recruter,1
udtærske,1
lavet,1
konklusion,1
knappere,1
hulen,1
flux,1
lybech,1
feeder,1
frugtbargiør,1
giennemgiæret,1
taxe,1
g.l.v.c,1
grundforfatnin,1
langtsom,1
catechiseret,1
udvei,1
salen,1
ærrøe,1
pløietiden,1
deserterede,1
trodser,1
jevningen,1
istandholdelse,1
anmelde,1
armods,1
bedrage-konsten,1
afgrunden,1
belægge,1
embedsmanden,1
ophør,1
stalden,1
markeder,1
grøben,1
underskrevne,1
tanshed,1
omstøbninger,1
meldes,1
bryden,1
horn,1
vedklævende,1
behielper,1
drægtig,1
skifteretten,1
system,1
indsneget,1
urerte,1
knæerne,1
rydning,1
totalen,1
tagen,1
formelig,1
timers,1
kallunet,1
caracteer,1
undersøgere,1
ildebranden,1
læsse,1
anmeldelse,1
iyster,1
hoved-gaarderne,1
opkom,1
vovede,1
kredit,1
forspildt,1
taxeringens,1
kiøbeskilling,1
tilverks,1
lavtskattede,1
ullykkeligviss,1
ivrig,1
bortsælgelsen,1
venlighed,1
bussemand,1
roesen,1
lønne-maade,1
forekommen,1
protocoll,1
formeenes,1
accorderede,1
attesteres,1
landmaalnirig,1
hoved-fordeele,1
vongen,1
forov,1
indfestningerne,1
lavt,1
slægtninger,1
proprietærens,1
overlagt,1
beskedentlig,1
inhentet,1
fornærmelser,1
tud,1
foringen,1
paadrages,1
provincernes,1
bevisligt,1
bestyrk,1
løsgiengere,1
stoler,1
argumentet,1
ligeligere,1
betal,1
indsnegne,1
elighed,1
jl,1
indskrenke,1
ejeren,1
negtelser,1
opsedsige,1
kalvene,1
henhørte,1
beskyldinger,1
kommentarier,1
lektioner,1
mauvais,1
beskienket,1
faire,1
upaaanket,1
indkjøbe,1
oppasset,1
voxte,1
imodsat,1
poet,1
skrek,1
solgtes,1
bomme,1
svim,1
bonneté,1
1700,1
qvitterings-bøger,1
etre,1
gjærsel,1
qvitterings-bøgerne,1
snoe,1
uforanderlig,1
peut,1
fængslerne,1
komedie,1
malkede,1
underhaanden,1
forpagtningens,1
opdrages,1
godferne,1
løset,1
anmælde,1
1767,1
mistænkes,1
contracten,1
frikiendes,1
skuespil,1
bissested,1
petits,1
forlovelsen,1
mangent,1
sidstafvigte,1
kulen,1
desmeere,1
staaledes,1
fratagne,1
qvæg-avling,1
foerede,1
kjør,1
mirabelles,1
saint,1
qvitteret,1
malke-køerne,1
marquis,1
crearur,1
optrækkede,1
erhverver,1
bifaldet,1
skiænfer,1
synspunkt,1
befodres,1
mindeliges,1
trefierdeparten,1
arrilds,1
uformærket,1
optegne,1
tender,1
skiænkes,1
fæstegaarder,1
ubeboet,1
skiænket,1
huss,1
opsiddere,1
profitable,1
herreaaarden,1
hove-arbejde,1
aprilis,1
muligen,1
lands-fader,1
opsagt,1
efte,1
stats-greb,1
fremlyser,1
sælsom,1
ladekarl,1
affekterer,1
ceremonie,1
forsaavidt,1
kjøbte,1
kirke-rotter,1
forsætter,1
valde,1
slidder,1
partiet,1
opført,1
foraarsagedes,1
digning,1
skovhugst,1
hiader,1
hieder,1
straae,1
ligges,1
efterstræbere,1
ufortiente,1
tjeneste-folk,1
byerygter,1
forefaldt,1
gjore,1
taqelse,1
præstestanden,1
beslegtet,1
selv-ejere,1
anlægg,1
tilveje,1
voter,1
indleede,1
oplægge,1
stede,1
størsie,1
skeder,1
gjøder,1
paaklædt,1
høyhælede,1
seder,1
ploug-land,1
hæftes,1
spiremalt,1
oprensede,1
titstaaer,1
kærlighed,1
graver,1
hade,1
boghvedens,1
forhugne,1
hjembringe,1
høytiids-offer,1
brugbar,1
satans,1
stilede,1
hede-moser,1
dovner,1
afstaaelsen,1
gjødningen,1
troelovelsers,1
modsette,1
magaz,1
studens,1
udbygning,1
nærsomme,1
torchild,1
ryggesløshed,1
uduelig,1
spar,1
krabadsken,1
håndhæve,1
ploug-jord,1
falsterboes,1
decbr,1
goer,1
retdømmende,1
sølvdaler,1
ministerium,1
møysommeligt,1
aarings-svin,1
efterladenskab,1
ventileres,1
lyngene,1
opfunden,1
forbeholdenhed,1
afbrændes,1
egteskabs-dievel,1
affald,1
adelffiold,1
tøre,1
brudt,1
boghved-sædens-tiid,1
gjøde,1
bøyelig,1
bortgives,1
skorpen,1
jorderne,1
svinenes,1
hede-beboernes,1
afgøres,1
beqvemmes,1
halse,1
forspilder,1
huus-afgift,1
sladrer,1
feiltagelse,1
lichtenberg,1
dumdristighed,1
ejede,1
herrcgaarde,1
høistbetydelig,1
fremvises,1
patriciers,1
forrentet,1
agraria,1
accidenzer,1
bonde-gods,1
ridefogden,1
understyttet,1
ftemsætte,1
jorddrotters,1
vedrørt,1
puds,1
fornuftiges,1
udgjøre,1
gjelde,1
vahrene,1
etats-raad,1
kjert,1
overtænkte,1
finance-væsenet,1
byggede,1
forrestillinger,1
strøe,1
oeconom,1
ubebyggede,1
vesterby,1
leet,1
planen,1
vaarsæden,1
iset,1
exercice,1
herre-gaards-marken,1
nedtrykke,1
vegge,1
1900,1
svigerson,1
behaget,1
proprietairers,1
herregaarder,1
allodial-godser,1
soldatens,1
laste,1
stifterens,1
jeq,1
natlige,1
exeptione,1
ministerio,1
bonde-lignelse,1
philagreias,1
snapsting,1
ugjørligt,1
anfordring,1
læsses,1
forspænds,1
fritaget,1
afdød,1
indledet,1
gaards-antagelse,1
agers,1
skikked,1
placeret,1
redebon,1
vedholde,1
hlev,1
lædskende,1
indrømmes,1
tilraade,1
politi-opsigt,1
skuldet,1
burdte,1
patriarkers,1
lær,1
løsne,1
diversion,1
væirligt,1
vandigt,1
gjenstand,1
ledigere,1
hovmarker,1
høverie,1
arvingernes,1
emplojeret,1
forestrekning,1
forsikkringer,1
dejligste,1
opgravning,1
bielken,1
bonders,1
tælges,1
muen,1
vedliggende,1
saier,1
hov-frie,1
skuer,1
flæsk,1
hovmarkers,1
forpagtings,1
hovmarkene,1
transporteret,1
beskedenhed,1
deiligste,1
toldstæd,1
indhente,1
tilsteder,1
partiske,1
bondelæs,1
søekanten,1
snyde,1
udskibning,1
forsvarligt,1
korn-læs,1
baandet,1
rettænkende,1
hoved-grøfter,1
exprimere,1
rectores,1
himmerig,1
oplæg,1
laaland,1
junii-maaned,1
falster,1
yndige,1
modet,1
paasknd,1
tredskelig,1
martius,1
henge,1
restantz,1
hoverie-gaarde,1
bortlokker,1
proportionerte,1
branden,1
husvalelse,1
vanskelighedern,1
hoveries-bønder,1
hvet,1
lignelsen,1
vardet,1
meelsæk,1
bonder-gaarde,1
ejermanden,1
uegentlige,1
hanses,1
strænge,1
indestaaer,1
mane,1
greb,1
favne-brænde,1
opsetsige,1
høytidelig,1
afstikke,1
frydes,1
forskaansel,1
boliger,1
hansdag,1
overvættes,1
knæe,1
communitetet,1
hypokondrister,1
tensdag,1
udmerke,1
mor,1
fortaalte,1
tempore,1
forpagtnings-pengene,1
biskopper,1
derimellem,1
faling,1
tørve-jord,1
friheds-stand,1
vorned-retlighed,1
lectores,1
mølaxelen,1
bremsen,1
1771hos,1
tærsket,1
democratiske,1
kierkommen,1
continuerlig,1
forpagte,1
hovedmarkerne,1
desaarsag,1
landmilidsens,1
giest,1
konstes,1
spise-kammer,1
grøder,1
monarkiske,1
ligesaaliden,1
mødingen,1
sparren,1
uformeeente,1
mavert,1
understytter,1
forslagene,1
fortsettelse,1
bart,1
drivefieder,1
forleenet,1
smeden,1
betagen,1
geniet,1
patriotismus,1
tiende-eierne,1
korn-frøet,1
øegets,1
indprente,1
klemme,1
ængstes,1
iagttagede,1
elskværdig,1
graa,1
affektation,1
johann,1
belt,1
tiløvers,1
universitets-boghandler,1
øeg,1
tredob,1
giødsken,1
igiendrevet,1
renses,1
luttres,1
refuterer,1
vejen,1
pistol,1
ophøyes,1
tilvinder,1
stats-roret,1
beslaaes,1
hænge,1
strikke,1
spi,1
hovedmarken,1
sekammer,1
eger,1
leje,1
kunden,1
importabile,1
nest,1
proprietærernes,1
triumf,1
høire,1
sammensyen,1
kjendelse,1
voxen,1
velfæld,1
tærsker-løn,1
hidsen,1
praler,1
land-politiemestere,1
indplantet,1
pusten,1
sædelighed,1
heire,1
vredens,1
politie-anstalt,1
formuendes,1
roret,1
grøfters,1
nært,1
adams,1
giennere,1
nemmere,1
egenkierligheds-pligter,1
oversaves,1
udsynges,1
hovningsbonden,1
buere,1
jugum,1
barndommen,1
invrente,1
jævnlig,1
holdevarm,1
syndigt,1
beringe,1
fæste-bønders,1
contri,1
medvaarnede,1
dagleieren,1
medbyesmænd,1
hoveri-ligning,1
tienesteløn,1
tde,1
kad,1
matrosen,1
gjeldende,1
tvilsmaal,1
foraccorderte,1
evnen,1
recensentens,1
tviste,1
omtvistes,1
importerer,1
kierligt,1
saavelfom,1
tieneste-løn,1
222,1
bevidnede,1
sldlr,1
forsvundne,1
neste,1
creditere,1
forlokkelser,1
feber,1
froraads-kammer,1
svekkes,1
uforskylt,1
cre,1
persvadere,1
afsondre,1
paafører,1
qvegsygen,1
skye,1
endskiont,1
concipist,1
foeder-stude,1
foerets,1
blindbuk,1
suplere,1
feilende,1
offentelig,1
minste,1
ubesaaet,1
connectionen,1
spænd,1
høiagtelse,1
ædrulighed,1
sammenholdenhed,1
lærvillighed,1
douceurer,1
ugudeligt,1
forvovent,1
prietair,1
alryggesløs,1
gang-dag,1
executanten,1
forebygger,1
nødtrengenhed,1
hovedgaards-marker,1
skolegang,1
lovkyndig,1
leiere,1
foromtalte,1
jodegods-eier,1
exponerede,1
selger,1
arbeidendes,1
tienligen,1
projectmageren,1
horved,1
heftelse-rettens,1
begfingret,1
forklaget,1
comparere,1
beskyldt,1
attaqueret,1
potu,1
skattere,1
vedhenger,1
bagtalersk,1
ubarmhjertig,1
blænde,1
fantasi,1
underligen,1
ambition,1
honnette,1
oppyntet,1
usandfærdig,1
eenemarkers,1
idees,1
underhavene,1
forurette,1
torv,1
dyssels,1
hov-arbeidet,1
suite,1
fordervelser,1
billigheder,1
forfang,1
forette,1
8st,1
meeneed,1
storlighed,1
overbeviise,1
uadskillighed,1
taalmodig,1
barmhjertig,1
afbedet,1
nærings-standen,1
afdeling,1
hovedsætninger,1
halstarrige,1
forordnings,1
tienstfærdighed,1
defraudationer,1
landvesenets,1
sikreste,1
nødtrengende,1
mengde,1
bettlere,1
adsplittet,1
opbaarne,1
amtsforvaltere,1
nunærværende,1
creditores,1
forstilte,1
forraadskamre,1
pinedøe,1
endelser,1
tiidskulle,1
creperet,1
foler,1
bedrøveligere,1
almægtig,1
stevner,1
eden,1
skaansk,1
aflægges,1
tiistaaer,1
lidende,1
persvaderet,1
legd,1
statueres,1
afløsen,1
præparationer,1
behover,1
manskab,1
stringerede,1
døglsmaal,1
stringere,1
fortager,1
heftelses-retten,1
tilstod,1
dernest,1
soldater-leveringen,1
medbringende,1
chimærer,1
modtaget,1
paatvilende,1
forkleinelse,1
velsignelser,1
umeriteret,1
østersøes,1
qvæstioneres,1
lovtale,1
indboe,1
bygge-plads,1
afbygger-gaarders,1
fornødene,1
bestiaalet,1
proprietair-vinger,1
forsvorne,1
konens,1
velse,1
stegt,1
hæ,1
haugerom,1
paakræver,1
slegtninger,1
derined,1
jordegodts-eiere,1
smigrer,1
natte-sverm,1
slegtning,1
halsstarrige,1
vanartige,1
gnier,1
ottendedeel,1
krigs-magt,1
hvaa,1
minder,1
tings-vidnet,1
trostab,1
allerbeleiligste,1
giødstning,1
gudfrygtighed,1
overflødigere,1
instrueret,1
nedhængende,1
klarlig,1
repareret,1
gresgangene,1
decord,1
korn-avligen,1
decort,1
høer,1
lumste,1
overbeviser,1
optænke,1
sælgeren,1
allerbekosteligste,1
lynglee,1
tilgaae,1
udleggers,1
metamorphoserede,1
ulystgaarde,1
lystgaarde,1
bondetieneste,1
ubemidlede,1
tienestegiørelse,1
renoncere,1
reflectere,1
stelden,1
hanthævet,1
udviiste,1
kat,1
skulende,1
husbonde,1
vanartiges,1
tienestgiørelse,1
bæe,1
omgangsbrev,1
omhugne,1
samtligen,1
utilladelig,1
kis,1
korre,1
medynkende,1
udtømmer,1
renker,1
afbrendt,1
priori,1
udslaget,1
ædelige,1
ædelig,1
tilbages,1
raserie,1
bøiende,1
spisser,1
fundamento,1
maddiker,1
skrivelysten,1
betragtningen,1
med-orme,1
tanke-sprog,1
dagligt,1
mosebogs,1
afhandles,1
trœldom,1
paabyrdes,1
udnævne,1
treske,1
skolemester,1
inept,1
uvillie,1
driftens,1
barnagtige,1
skole-beskyldning,1
reserva-heste,1
gaardes,1
skolemesteren,1
1172,1
modstandere,1
enroullere,1
mks,1
ignorant,1
compilator,1
nemmest,1
pøbelen,1
indrykke,1
misch-masch,1
autore,1
hiembringelse,1
nulliteter,1
æskedes,1
stadigen,1
menneske-kiærligheds,1
hoved-regel,1
oponenten,1
hert,1
apologie,1
racire,1
landhuusholdningerne,1
confentere,1
forespørseler,1
outrere,1
forsaae,1
batailloner,1
mandskabets,1
beskylte,1
hoverie-godses,1
strøe-godsenes,1
tiltales,1
strøe-læggene,1
fæstnings-arbeide,1
tienstdygtigt,1
annatomere,1
referere,1
stanses,1
høistpriselige,1
reqvirentens,1
colique,1
ruske,1
dunst,1
vogner,1
bonde-standens,1
beseet,1
sandrue,1
ulyksalighed,1
trode,1
toge,1
forderve,1
ruskningen,1
malice,1
hoverie-bondes,1
roset,1
fordreve,1
tilbagegang,1
liigesaa,1
amusent,1
mesterligen,1
snilde,1
afmale,1
hoverie-bondens,1
beordre,1
283,1
heede-egner,1
haarkløveriet,1
heede-egnen,1
beordrede,1
kirke-tiende,1
uforrettet,1
hart,1
saaledess,1
grund-regler,1
expliceres,1
begrædelse,1
igiennemlæst,1
øiene,1
difpofitio,1
udelukket,1
groe,1
forblændede,1
nedlegges,1
hvorle,1
hovedbrud,1
drillet,1
vorne,1
beordres,1
ubilligheder,1
pappirs,1
indkaldet,1
forundringsværdige,1
conciperet,1
ferdigt,1
sekken,1
tvetydigheder,1
udeladte,1
posterne,1
affattede,1
geometrisk,1
interesseret,1
vogtede,1
bestemmelsen,1
dubio,1
præfumere,1
geister,1
fynderligen,1
skrivesyge,1
confirmation,1
bekientgiørt,1
ube,1
indfød,1
befattende,1
beja,1
ubevidste,1
gaardsens,1
billet,1
forestil,1
linger,1
berømmelser,1
forbittrede,1
hiertelaug,1
gotgiør,1
ødeleggere,1
periculum,1
mora,1
tilhændekommet,1
bievne,1
allereede,1
haxard,1
novembr,1
proseqvere,1
fortryllende,1
physiquen,1
ufeilbarligen,1
høitnødvendige,1
fyrrighed,1
staader,1
udelukkes,1
fortæringen,1
fæsted,1
kiøbstedmandens,1
tair,1
proprie,1
iagttoges,1
tiltraadte,1
berøves,1
opdrive,1
sandhedens,1
tyranniserer,1
heldst,1
tyre-pidsken,1
seiervinde,1
15000,1
assistence,1
cirkulationen,1
rigdommen,1
circulationen,1
udtæret,1
egaliteten,1
ambasade,1
husmænd,1
bataille,1
foragteligste,1
vindesygen,1
reel,1
veiledere,1
defention,1
skræksom,1
ridefoged,1
cammerater,1
istandsettes,1
vindskibeligt,1
fortbringes,1
ærens,1
belønningens,1
henkaste,1
nationalen,1
btale,1
sparede,1
allerslemmeste,1
afspise,1
formaning,1
ufelt,1
ruine,1
nitten,1
hovfolket,1
streife,1
slegtstabs,1
øiensynligt,1
amtmændene,1
mageligheden,1
trækken,1
skuldrene,1
indvender,1
glædes,1
sover,1
selvklogskab,1
indprentes,1
dovenhed,1
vels,1
landhusholdnings-orden,1
m.m,1
connection,1
fornuft-slutninger,1
forespørgelse,1
træmæren,1
skanderborg,1
skriver-karl,1
trefierde,1
foruroliget,1
ambitionere,1
enfoldigt,1
herskabe,1
vaagner,1
hoved-staden,1
bifaldte,1
opagte,1
monstrøse,1
dagdriverie,1
koldinghuus,1
passerer,1
f.v,1
kommetil,1
fortørnes,1
nej,1
næt,1
gaaes,1
sæde-horn,1
artigt,1
doceur,1
betienten,1
definitionen,1
hovedmangel,1
aarbeid,1
ugeskikt,1
giern,1
saaning,1
bestillet,1
dauv,1
fordeelagtiqhed,1
gauvn,1
proeprietairs,1
forhærdede,1
di,1
seier,1
troit,1
foe,1
respit,1
ci,1
frels,1
lidelserne,1
synger,1
dier,1
aalt,1
furene,1
kaael,1
opdrives,1
triner,1
arbeide-bestemte,1
gadekier,1
betænkte,1
mad-posen,1
giødningstedet,1
affaldne,1
imed,1
furer,1
slenger,1
nede,1
forberede,1
udspreder,1
gieste,1
afklippet,1
gaardman,1
grønne,1
nedslengte,1
kanten,1
søvn,1
dg,1
fordobles,1
ee,1
poes,1
fir,1
præsent,1
prent,1
ignoranter,1
skiules,1
opsætsiges,1
strøgen,1
afstraffelse,1
vinkel-skriver,1
maaler,1
forstrækker,1
forbløffe,1
fortrøste,1
kiøbstedmanden,1
uheldig,1
plov-red,1
contant,1
armoden,1
omskifter,1
fremvxet,1
observeres,1
overdrage,1
oplæse,1
opmærksom,1
bager-lauget,1
noet,1
behendighed,1
int,1
svanggaaende,1
meierske,1
bortkiøres,1
afreigningen,1
nøgler,1
hauren,1
brygger-lau,1
opvaagne,1
foraccordere,1
fastemarkederne,1
halstarrighed,1
skrekkende,1
ravn,1
belønnet,1
eren,1
krast,1
drille,1
fælledts-hoverie,1
ærgrelse,1
staader-posin,1
hoverie-paalæg,1
sommerens,1
udbetalt,1
forvalterne,1
herskesyge,1
nren,1
selveiernes,1
halsbaand,1
num,1
væ,1
rende,1
sutenerede,1
hedniske,1
grusomt,1
nedsatte,1
opdriver,1
steeg,1
ophielper,1
bestandighcd,1
ophøier,1
procenten,1
sporsmaales,1
svinger,1
henvende,1
biørnen,1
hov-bonde,1
gordiske,1
knudes,1
guld-mine,1
croix,1
laborerende,1
selveier-bønder,1
m.b,1
selveier-bonden,1
allerulykkeligste,1
forsagt,1
grundstøtten,1
nedgravet,1
siunge,1
sank,1
dybere,1
bortrydde,1
selvierne,1
forkiøbt,1
persohners,1
henvendes,1
opnaaede,1
fladderftads,1
hovedgaards-jorden,1
arveligen,1
belterne,1
færgemændene,1
forsvende,1
sommueligt,1
handelskab,1
viltage,1
vitløstig,1
tua,1
interest,1
landløbere,1
ondskaber,1
exception,1
juristerne,1
dygtigheder,1
presentere,1
forstærket,1
exceptione,1
overbevisning,1
børne-tallet,1
fraraade,1
presumerer,1
leg,1
snuble,1
fantasie,1
nedsettelsen,1
aageren,1
afstraffet,1
henfalden,1
stråledes,1
varlig,1
revocerede,1
bonde-plageren,1
chicaneuse,1
6tes,1
paatales,1
høilovlige,1
cyimærisk,1
sveve,1
perpetuel,1
guds-dyrkelse,1
lettel,1
gl,1
dou,1
ceur,1
armt,1
medmennisker,1
skadeligs,1
fourage,1
sønnerne,1
læggets,1
friheds-paffer,1
kiom,1
engjord,1
havevæxters,1
frugttræers,1
jorddgods,1
skattekorn,1
fourage-penge,1
agerjorden,1
søie,1
forbundet,1
executioner,1
kornmangel,1
forskudet,1
paaføre,1
caverer,1
revenuerne,1
extravagerer,1
grovheder,1
mulvarpe-skud,1
parerer,1
husholdningen,1
urimelige,1
bevilge,1
tilmode,1
trediedele,1
opsiger,1
bedrifter,1
landhusholdningens,1
forvalteres,1
aalborgiske,1
numere,1
resolverer,1
vædder,1
inspecteur,1
bondeskyld,1
jordegods-eier,1
beklagelig,1
ligevegt,1
ooeconomie,1
tilsættes,1
betlersta-ven,1
egenuyttighed,1
indprentede,1
ruunt,1
væmmes,1
partes,1
proclinatas,1
næringsveie,1
omne,1
recumbir,1
tilstoppe,1
onus,1
cunftaque,1
fortuna,1
rimam,1
domus,1
facienre,1
dehifcunt,1
atque,1
fuo,1
mette,1
quondam,1
pondere,1
forskandse,1
trasta,1
fubfidere,1
quaffata,1
umaadeligt,1
hærskesyge,1
correspondere,1
mangelens,1
doucenrer,1
vandte,1
bortsmelter,1
bortgiver,1
favnetræe,1
oplades,1
opklares,1
trine,1
cæpit,1
møen,1
umenneskelige,1
linder,1
vrangvillig,1
herskesygens,1
synge,1
ovid,1
lib,1
triflium,1
lygtemanden,1
tørvs,1
prendt,1
ympning,1
kjøbmændene,1
dispositio,1
mishandles,1
soleklar,1
regnstab,1
hørkræmmerne,1
mirakel,1
strev,1
ventede,1
brunsviger,1
afsætter,1
hamle,1
sække-læs,1
smigre,1
forræderisk,1
sjelland,1
meenedig,1
rejser,1
honorabelt,1
hengt,1
fyenboer,1
udkastede,1
fynsk,1
erempler,1
fieri,1
bold,1
misfor,1
nøiede,1
frugt-træe,1
axiom,1
nemo,1
damno,1
alterius,1
locupletior,1
debet,1
restitueres,1
hoved-guld-mine,1
projectets,1
prositere,1
omskabe,1
fu,1
hanger,1
provinds,1
arbejdes,1
beskadigte,1
landhuusholdingen,1
joenshoveds,1
efterhøst-tiden,1
kjernen,1
elskes,1
imens,1
udspiret,1
dydigste,1
retferdigste,1
yndigste,1
viii,1
restanz,1
regieringsmaade,1
emploiere,1
regemen,1
forsættet,1
hemmeligen,1
skjel,1
schach,1
korntiende,1
korn-egns,1
provinces,1
korn-tiender,1
svore,1
ihukommer,1
ryrannisk,1
søestæder,1
retstafne,1
afskyeligste,1
allerlykkeligste,1
allerhøjeste,1
navngiver,1
unævnte,1
saaledes.bleven,1
reflection,1
publication,1
legning,1
væmodighed,1
undergive,1
geberder,1
medfødde,1
humle-kulers,1
overtydede,1
øjemeed,1
lovgivere,1
foregik,1
tydede,1
abild,1
uomstødelig,1
bønder-hauger,1
steengiærder,1
rummelig,1
ix,1
afplukkes,1
moednes,1
humlen,1
indhøstning,1
afgrødens,1
overdreft,1
usong,1
græsmark,1
skjel-stedet,1
usongs,1
skjel-steder,1
knælende,1
æsker,1
frivilligen,1
solde-stemme,1
overgi,1
vet,1
skjellet,1
stager,1
jordisk,1
gjerder,1
skov-egnen,1
forseet,1
ble,1
descendenter,1
efterkommende,1
godsene,1
gravning,1
fært,1
digers,1
vitterligen,1
utrolig,1
misfornøjede,1
nedskyllende,1
tjørne,1
offentligen,1
opgravet,1
iigien,1
vaar-sædens,1
talsmænd,1
gravede,1
lukkelser,1
vaagede,1
medicin,1
gravet,1
opkastet,1
allerkraftigste,1
pære-ymper,1
corresponderet,1
føjet,1
kiøbmandstab,1
ager-akademie,1
negotie,1
gartnere,1
efterkommernes,1
forsy,1
projectek,1
humle-planter,1
erlange,1
vanlykkes,1
kjøb,1
anleggelse,1
fiendes,1
hazarderlige,1
humle-planters,1
overtrygler,1
conform,1
conciperes,1
provst,1
luders,1
treenig,1
achitoffels,1
christians,1
tjørnegjærder,1
marke-skjel,1
fællesskabets,1
pile-træers,1
rindende,1
beængstigte,1
befal,1
svoret,1
terrain,1
ubegribelige,1
ær,1
pile-hauger,1
plante-hauge,1
plantage,1
paakaldelse,1
patatos,1
addressere,1
vælges,1
glücksborg,1
hævnet,1
provints,1
vii,1
tilfredsstillelse,1
ploug-tømmer,1
bring,1
nødtørstige,1
meleer,1
lodsejerne,1
majcstæts,1
overdriftet,1
overdristet,1
forespørsel,1
tvistighed,1
suppliquer,1
eedsvorne,1
general-landvæsenets-commission,1
tvistigheder,1
overdrift,1
opfatte,1
comission,1
ungefehr,1
ploie,1
commissair,1
tornbusker,1
distinguere,1
voxlys,1
forblinder,1
giennemlæste,1
comedie,1
landhausholdingen,1
forræderne,1
hovedpost,1
intentionerer,1
gladeligen,1
fegte,1
papirerne,1
herfor,1
dersaatter,1
respectable,1
praeticere,1
concernerer,1
russiske,1
bandets,1
udnævnt,1
inpliceret,1
opryd,1
piquerer,1
polske,1
præsumeret,1
aggerdyrkningen,1
dyrknings-skyld,1
slænger,1
ordens-brødres,1
engsletter,1
græs-moser,1
indflyer,1
bønder-byer,1
gaards-lod,1
hentydet,1
hoveri-bonde,1
skiønnende,1
grode,1
engesletterne,1
ræsonnerer,1
sandige,1
beestet,1
samtykt,1
kontraheret,1
beforderlig,1
bøndens,1
bøndegaard,1
boefatte,1
moserne,1
ubesvarede,1
bryggeren,1
skreget,1
øllets,1
maltets,1
afdeeling,1
omsvøb,1
sammenhænget,1
jordernes,1
raabet,1
barnet,1
samvittigheds-sag,1
fæes,1
jordslods,1
brødkorn-leverancen,1
skeed,1
misvexten,1
usaaede,1
21te,1
paamindelserne,1
indrykte,1
fløtning,1
indbefatte,1
franste,1
fængslet,1
proces-maaden,1
skierts,1
tælle-lys,1
skjenke,1
taffeler,1
brændt,1
gjesternes,1
viste,1
viinbjerge,1
taksigelsen,1
foregav,1
giernings,1
afsættelig,1
undersaarterne,1
belønningen,1
hoved-perso,1
bekommet,1
tracteur,1
madera,1
ranzauiske,1
yrtret,1
ranzau,1
høj,1
bie-avlings,1
excellencer,1
struenseer,1
mislykket,1
studio,1
kierltghed,1
bieavlingens,1
jorighed,1
retteregent,1
undergivenhed,1
excellerer,1
forønsket,1
brandt,1
plankeverk,1
svensk,1
falckenskiold,1
liv-medicus,1
berger,1
næraaes,1
gæhler,1
hesselberg,1
tryk,1
modersmaal,1
tiltroet,1
ungersk,1
criminal,1
profeffu,1
bevidnet,1
skiendsel,1
kogt,1
liflig,1
ubegribelig,1
opbragt,1
behandlere,1
forbande,1
eiermænd,1
lands-forræderiske,1
præpareret,1
fundamenta,1
straaehytte,1
bestyr,1
huuslye,1
bile,1
øjensynlige,1
bieavlingen,1
tigre,1
certere,1
ølbrygnings,1
udstødt,1
gjesterne,1
bords,1
pommern,1
soltater,1
canmerberre,1
restitueret,1
ubenævnte,1
lands-forrædere,1
forseglede,1
allerafskyeligste,1
tilproppede,1
crimen,1
altona,1
perduellionis,1
bekiendtgiøres,1
forjage,1
anseeligste,1
landphysicus,1
struensee,1
gjester,1
gjestebude,1
national-drik,1
opsat,1
premier,1
undret,1
ansvarlige,1
ubeqvemmeligheder,1
kiælnere,1
danskes,1
odilds,1
lapland,1
speculationers,1
sparsommelige,1
projectmagerne,1
leevcmaade,1
tracterede,1
elendigere,1
forstummes,1
laplands,1
forderv,1
sandsynlighed,1
uforbigængelig,1
kiæder,1
hussholding,1
søekanters,1
digression,1
udleet,1
hovedforandringer,1
ulyster,1
bønderbyer,1
grund-regul,1
inspecteurer,1
ratione,1
paterfamilias,1
fyldte,1
scoptisk,1
reserva-roullerne,1
indlemmes,1
omskabelse,1
jordegodsenes,1
formeenentlig,1
inddelinger,1
critiquer,1
hoverie-bønders,1
ernæres,1
klippernes,1
melleret,1
hosbonde-standen,1
bettelfærdige,1
tilkiendsgiver,1
eyendommes,1
minut,1
chicaneurer,1
retskaffens,1
christeligt,1
uviiselig,1
pestem,1
confus,1
avertite,1
talem,1
negtede,1
reciproque,1
hiulpet,1
dii,1
assisterer,1
uddunste,1
defraudation,1
titel-blad,1
retorqueres,1
kørte,1
vandagtig,1
svundet,1
martini-dag,1
udtrunnet,1
fugtigt,1
lukker,1
u-adel,1
chartousch-streg,1
tienestgiørendes,1
atrributa,1
u-egennyttig,1
udhungre,1
besvarere,1
heterodox,1
tilbagedrive,1
sotiser,1
pesthuus-grunde,1
testamentes,1
opsætsigheds,1
couperer,1
cartousch,1
u-eftertænksomme,1
fæstningen,1
inficere,1
commandant,1
forglemmer,1
beleiringen,1
provianterer,1
skoptiske,1
projectmageres,1
ermældte,1
argumentere,1
urevoceret,1
ridicul,1
feie,1
opbindere,1
rdl,1
rokke-hoved,1
vanvittig,1
titulerer,1
bestallingen,1
oprørist,1
rdlr.mk.ß,1
løgnere,1
kiørsel,1
befæstige,1
uhen,1
ami,1
definere,1
rensen,1
explication,1
kasten,1
bivaanede,1
biering,1
høebierings,1
extra-udgifter,1
oponent,1
kul,1
citerede,1
bibelske,1
propter,1
præter,1
lydelige,1
familie-skat,1
mama,1
comsumption,1
smeddeløn,1
famt,1
specialiter,1
fornuftstutninger,1
krykker,1
reciteret,1
destige,1
latinen,1
tøyrer,1
opregnes,1
latinet,1
ciceroniske,1
fortørnet,1
vibe,1
møgblænden,1
criminis,1
galeerne,1
hoved-prydelse,1
fæstnings,1
ubemyndiget,1
indbrud,1
ærerørigt,1
tilladeligt,1
majestatis,1
læsæ,1
pæna,1
forferdige,1
sub,1
tienerinde,1
tienestebudet,1
forstands,1
unød,1
hoverie-arbeyd,1
fæste-contracter,1
usufructuarii,1
militair-tienester,1
misligheder,1
destinerer,1
fornøiede,1
imaginationer,1
mislige,1
ribs-rabs,1
nydeligt,1
fladdervoren,1
ærgierrig,1
contra-beviis,1
argus,1
fornuftes,1
latterligen,1
land-oeconomiens,1
nedsette,1
potentat,1
troskyldig,1
kappe,1
overnaturlige,1
henstiller,1
laden,1
ef,1
venligen,1
plougkiørere,1
forskaffet,1
antændt,1
spæt,1
beffylder,1
trolovede,1
eøe,1
malke,1
bonde-almue,1
xii,1
aars-tiener,1
boemand,1
varulv,1
høistbydende,1
opraabe,1
faare-klæder,1
igen,1
engeslet,1
socrates,1
xi,1
skolarer,1
hør-avling,1
hampe,1
gjelder,1
højlig,1
mendelsohn,1
efterses,1
protokoll,1
lysning,1
fedeste,1
brygget,1
retferdige,1
baget,1
overfald,1
o.vægs,1
trette,1
velvoxne,1
kamp,1
ordinair,1
brøllups-giæstebuder,1
bortsiunke,1
beider,1
trolovelses,1
indskrænkelst,1
græsgange,1
bønderkarles,1
bonde-bryllup,1
møddige-pøler,1
siddende,1
søndage,1
berliner,1
linklæder,1
finnet,1
udenfor,1
allerfleeste,1
gjørligt,1
formane,1
oprejse,1
sølv-medaille,1
nidkjerhed,1
nooere,1
landsmænds,1
poffe,1
nolle,1
provincier,1
laus,1
ampliffima,1
deriblandt,1
eft,1
bevislig,1
inscriptioner,1
sølv-bægere,1
el,1
consorter,1
putter,1
oprykke,1
fabrikere,1
lærret,1
skriftets,1
sindes,1
forarbejde,1
udtolkning,1
uinteresserede,1
indavlede,1
traad,1
armeligt,1
sandheds-elskere,1
udskrift,1
steengjærders,1
dynevaar,1
sækketøj,1
adresse-contoiret,1
jordsmom,1
hørfrøe,1
x,1
røddelig,1
jordsmon,1
steenene,1
ankere,1
bødelens,1
giennem,1
krølle,1
forføier,1
correspondence,1
fralegge,1
uges,1
skieldet,1
atheist,1
qvæker,1
repetere,1
forgangne,1
parforce-hunde,1
intention,1
recreation,1
fløite,1
giøe,1
brøle,1
bræge,1
krøbet,1
cordiale,1
øret,1
consuleret,1
subject,1
afpumpet,1
haandverks-burse,1
aalborg,1
ildelugtende,1
skrive-syge,1
skrive-lyst,1
venlige,1
tte,1
holsberg,1
plumpet,1
jule-tider,1
fester,1
lugte,1
foreslaaer,1
julen,1
mars,1
nedregnede,1
betragninger,1
medallie,1
gienneste,1
titulere,1
gumenter,1
kuldseglede,1
helligedage,1
borgerfolk,1
stien,1
frikiender,1
terminen,1
mumlet,1
forventer,1
listet,1
opreis,1
heere,1
tosset,1
injurier,1
bagverk,1
specerier,1
marschirt,1
klipfisk,1
gouvernere,1
uretferdigt,1
risengryn,1
molestere,1
informatoren,1
hedning,1
barbar,1
anker,1
giæstebuds,1
bryllups-giæster,1
forsamles,1
â,1
kroehuus,1
halv-voxen,1
søgnedage,1
gor,1
ginge,1
spille-brødres,1
flokkeviis,1
tilbøde,1
usikkert,1
faadant,1
gieldes,1
colding,1
nætterne,1
kortet,1
hadersleb,1
weile,1
inclinerer,1
horsens,1
complot,1
commanderet,1
afstaf,1
tildrister,1
paradoxe,1
velforarbeidede,1
anstøds-stene,1
meentes,1
stillesidden,1
fuldkommest,1
manufakturarbeid,1
arve-fæster,1
tieneste-folkes,1
michels-dag,1
skifte-tiden,1
forvændte,1
tydenhed,1
fabrikernes,1
beati,1
tenuere,1
medium,1
indsperrede,1
specification,1
handelsstæder,1
fleest,1
agterfabriker,1
preusiske,1
fælledsskabets,1
uafvexlende,1
udlærer,1
forkyndet,1
opsynsmand,1
frietagne,1
forehavende,1
flygtling,1
godsherrens,1
hov-tærskningen,1
flygtede,1
udsogte,1
lættes,1
capitels-taxt,1
hovedstæderne,1
rømme,1
krigstienesten,1
præste-tienderne,1
tilskrevet,1
bønderdrengene,1
armeen,1
fakrikantere,1
kiøbstædfolk,1
1779,1
landsprodukter,1
tienstligst,1
majeft,1
høytærede,1
bissekræmmere,1
tyverie,1
skibsfarten,1
ondskabs,1
oversvømmet,1
læhne,1
høkerie,1
kronlæhne,1
strøegods,1
indehave,1
tilbøyeligere,1
sædegaardens,1
indgaaede,1
eyermand,1
udarbejde,1
snaren,1
opsynsmændene,1
mesterstykke,1
lættelst,1
lods-arbeydere,1
kirkevisitation,1
flods,1
besøger,1
ligevel,1
forferdiges,1
etatz-raad,1
arbeids-lønnen,1
anmodet,1
overloed,1
taablige,1
indtog,1
raa,1
heigning,1
indgivne,1
iugen,1
landstrygere,1
urimeligere,1
forstrækkes,1
fabrik-arbeid,1
manufakturog,1
jord-strækningen,1
forbeholden,1
kronlæhnene,1
stadfæstelse,1
fæderne,1
straffen,1
nakdele,1
deliges,1
udnævner,1
forringer,1
2/3,1
undergaaer,1
oxehoved,1
ko,1
fiber,1
blæk,1
stok,1
fade,1
indlod,1
nage,1
hasard,1
coldingske,1
confiskere,1
rytterdistrict,1
heftede,1
ribe,1
fænøe,1
skeedte,1
indhyldet,1
kapitels-taxten,1
endelighed,1
tvangs-middel,1
desideria,1
undgik,1
forøgelser,1
foranstaltnings,1
ubevidst,1
statsindsigt,1
allegerte,1
forværrer,1
berøvede,1
fordervelig,1
folkeformindskelsen,1
lehnestoel,1
forrettede,1
trykne,1
vrang,1
uforbigængeligen,1
skrivpult,1
articler,1
inter,1
pia,1
ovidisk,1
confiskationen,1
forfalds,1
masten,1
indfinder,1
tienestekarlen,1
vandtuder,1
overklædte,1
tuderne,1
overkommes,1
godhiertig,1
maaeske,1
lappe,1
eenighed,1
udjevnes,1
ruglandet,1
flygtende,1
agermark,1
teglleer,1
muurleer,1
jordmarv,1
muursand,1
danophilus,1
p.s,1
indledning,1
betræffer,1
mistroer,1
vandløb,1
statsklogskaben,1
stikgrobe,1
parters,1
forskel,1
skiæres,1
styrkede,1
betagede,1
deserteuren,1
visiterer,1
afreyse,1
skibene,1
confiskation,1
udlove,1
underbetientere,1
mikkels-terminer,1
sandet,1
pligtmæssigt,1
skaffent,1
redeligt,1
oppasse,1
qvarteer,1
lavninger,1
tvergrobe,1
ager-dyrkningens,1
aarsens,1
konsistorium,1
begierligere,1
florentz,1
opkommer,1
portrait,1
indfunden,1
oekonomien,1
sporger,1
1692,1
føste,1
herretieneste,1
bendergods,1
udhungrede,1
ansagde,1
mærkeligere,1
forværret,1
ernæring,1
rydde,1
betænkelig,1
liveegens,1
fornærmelig,1
langvarige,1
forplan,1
paradis,1
1728,1
overladte,1
opgrave,1
jordbrud,1
fielden,1
miskiendes,1
landfolkets,1
mindske,1
skuffe,1
møggreb,1
rødde,1
udgrøfte,1
sædegaards-eyere,1
stian,1
beføge,1
forhøyede,1
privilegia,1
høytidelige,1
haandarbeid,1
matriculeres,1
agernes,1
træghed,1
tilforladeligere,1
glædet,1
udfordret,1
dommerens,1
rammet,1
udhvile,1
stiæler,1
bebreidelser,1
complettere,1
stumb,1
langsommere,1
tryggelig,1
dagarbeid,1
oppassere,1
1668,1
usvigeligt,1
leyer,1
nærforestaaende,1
ubodeligen,1
indgivet,1
kofte,1
borttages,1
bøndere,1
frasige,1
braasholms,1
søeholms,1
høystsalige,1
herre-gaarde,1
fuldendet,1
skræksomt,1
hesters,1
veltalende,1
handthæves,1
daglønneres,1
svælg,1
skarer,1
pludselige,1
udspyer,1
sygeboliger,1
slaven,1
koldsindig,1
klang,1
forsøder,1
daglønnerens,1
gienvordig,1
frise,1
artillerie-hest,1
pak-eller,1
ubetænksomme,1
tørste,1
kornvæxt,1
dannemarkes,1
eenganq,1
forjætter,1
forestaaer,1
eenlig,1
ustadig,1
befadt,1
forstøde,1
forvisning,1
hensove,1
omsorgen,1
eftermæle,1
ædruelig,1
grundforfatning,1
vægte,1
emsindtligere,1
mærket,1
slægtens,1
høybondelige,1
paabuden,1
opfettelse,1
fødsels-retten,1
tilskuds,1
stamgods,1
bearbeider,1
forskyde,1
haandværksmænd,1
uddeelte,1
afskrækkes,1
betimeligt,1
anklagelser,1
formastelige,1
besvæ,1
provindserne,1
bestilte,1
mishandlede,1
liveegenheds-ret,1
uretmessige,1
sikkerheden,1
husbondernes,1
endres,1
anseeligst,1
tyranniske,1
bevægelsesgrundene,1
jord-eyere,1
dyrekiøbte,1
besiddelsen,1
forære,1
adelig,1
beleylig,1
forevigelse,1
qr,1
tilstoppede,1
oxedriften,1
qvægskiørsel,1
snævre,1
forsultede,1
nødtørftigheder,1
haandskilling,1
ophjelpes,1
rugens,1
paakommer,1
afsætningen,1
underfaatternes,1
underbetjente,1
friegiorde,1
nuvel,1
himmelegne,1
sammenbunden,1
nemme,1
landsherrens,1
stivhed,1
fædrift,1
eyendoms-ret,1
afhiulpen,1
beleylighed,1
ubestandighed,1
opfedt,1
udkrævende,1
besiddelsens,1
gemytsbeskaffenhed,1
forudsætter,1
vedvaren,1
veyrets,1
opleve,1
oppebies,1
bearbeidning,1
hyperpolitiker,1
forstærker,1
opvagte,1
armeens,1
flodens,1
forsørgelse,1
børnebørn,1
støttes,1
forevige,1
tiende-giver,1
lideegenhedens,1
overvælde,1
formeredes,1
meen,1
jesuit,1
halvgal,1
antiphilopatreias,1
kuu,1
unødvendigt,1
jun,1
urigtigheder,1
dristigt,1
dadel,1
forhænget,1
skuepladsen,1
svenskes,1
uniform,1
indigoen,1
antoeg,1
miskiende,1
uforbigængeligt,1
konsten,1
indfodred,1
inddrive,1
oprendsning,1
betydeligst,1
ufordeelagtigt,1
forargede,1
klingrende,1
endre,1
felledsskabets,1
taelt,1
bryster,1
fruentimmernes,1
pegen,1
anstødsstene,1
prædiken,1
udpege,1
geistlighed,1
forledes,1
forargelse,1
meenighedens,1
fanatisk,1
opvagt,1
voltaire,1
rabelais,1
katolske,1
naturalist,1
farven,1
fodfolk,1
myntindretning,1
banen,1
venetianske,1
allermeste,1
således,1
uomskaarne,1
omskaarne,1
posito,1
vero,1
omsmeltede,1
myntsorter,1
concesso,1
partikulieres,1
tiskillinger,1
bilde,1
sølvs,1
remmer,1
guld-tresser,1
sølvog,1
flitterstadses,1
broderier,1
vanæres,1
bondesladder,1
cremnitzer,1
bæsternes,1
blomstret,1
tilpløyet,1
saltskatten,1
toldboden,1
aftrek,1
omveye,1
reder,1
ffere,1
regenrens,1
hovfrie-bonden,1
undersåtternes,1
indavlet,1
arbeydsfolkenes,1
ingensinde,1
forved,1
koligen,1
hamborgerne,1
studene,1
bønderstederne,1
afgivterne,1
projekter,1
plusmakkere,1
sedlernes,1
følgeligen,1
reparterede,1
efterslegtens,1
falskhed,1
hazardmnde,1
lovskikkende,1
opsyns-vidner,1
dybeste,1
foreslaar,1
bafis,1
grundfalsk,1
nedslaaes,1
billiges,1
midlet,1
indhelligede,1
lydigheds,1
udgydelse,1
blods,1
bevarelses,1
administrere,1
skifte-opsynsmændene,1
administrationer,1
eedsorne,1
lykstlighed,1
administrarionen,1
mathematisk,1
stervboens,1
udsetter,1
hovninggiørende,1
forøvet,1
skifte-actens,1
existerede,1
longum,1
petitum,1
synsmænds,1
feyltagelser,1
opkrævelse,1
anseelser,1
berroes,1
apparencer,1
existere,1
flygtige,1
enroulleret,1
resolverte,1
tvivlraadig,1
administrations,1
forholdning,1
fremtræde,1
underftytte,1
christensens,1
ulejligheden,1
general-landvæsenets-collegium,1
80000,1
foraars-gierning,1
13000,1
udfor,1
pantsætter,1
renternes,1
laans,1
ubehageligt,1
arbejd,1
manchester,1
accorder,1
preussen,1
kostbareste,1
gangbarhed,1
konge-tienden,1
guldets,1
sølvets,1
mynte,1
degner,1
barre,1
mynten,1
indkalder,1
regnskabsførere,1
ængstelse,1
kiendelige,1
univers,1
prospect,1
honette,1
forsigtlghed,1
retsindigste,1
character,1
charmerede,1
igiennemgaaede,1
fostrre,1
tryk-frihedens,1
forudsee,1
tilsendte,1
piecer,1
bjergene,1
biergenes,1
fosterets,1
papier,1
statsfeyl,1
skrivefrihed,1
verks,1
bogstaven,1
staustrup,1
kioler,1
formening,1
dagvis,1
vantroende,1
fordrifter,1
skin-aarsag,1
myrdede,1
forsone,1
ubodfærdige,1
bannstraalen,1
tordnede,1
oplever,1
krigiske,1
opløftede,1
efterfulgt,1
jammerfulde,1
kiøbstædkarle,1
erbarmelig,1
bestan,1
stoppe,1
aarhundret,1
skinklage,1
hovedrevolutionen,1
halvgaard,1
fierdepart,1
stormveyr,1
smed,1
frasagde,1
friehedsbrevene,1
forbeholdt,1
reysen,1
forjættede,1
slæt,1
sprede,1
tækkemænd,1
murere,1
skienkte,1
tilslaaes,1
broe,1
verds,1
borgegaarden,1
udvidede,1
klappe,1
spænd-arbeyde,1
religionssager,1
apostelens,1
haand-arbeyde,1
hovgods,1
klosterne,1
fældede,1
abbedierne,1
underkastelse,1
tælgere,1
slavisk,1
erstattelse,1
menneste,1
tjenligt,1
ch,1
tiende-giverne,1
loix,1
skride,1
problematisk,1
tingsel,1
landsherren,1
menneskekierlige,1
europæisk,1
foresnakke,1
uvillig,1
frataget,1
uvederheftig,1
saaleded,1
undskyldte,1
treffes,1
uforfordeelte,1
frugtbart,1
apostlerne,1
udta,1
limiterne,1
kirkeforsamling,1
indfaldet,1
frietalte,1
godsviis,1
sognvis,1
stykviis,1
stykvis,1
tilbede,1
tvivlet,1
fidecommisser,1
christus,1
svarendes,1
lignings,1
billiger,1
beviises,1
fornærmed,1
udtage,1
kierv,1
formildet,1
stred,1
regenternes,1
bonde-verden,1
amtsbetienternes,1
forrenter,1
stifts,1
besættes,1
reglen,1
underretterne,1
avisskrivere,1
salarerede,1
omskiønt,1
reputation,1
reputationen,1
lærerigt,1
henholder,1
fuldmægtigs,1
principals,1
kammercollegio,1
cirkulair-skrivelse,1
tægter,1
fuldmægtigen,1
grundregler,1
grøbe,1
grotius,1
hugo,1
domestiker,1
udskaarne,1
merkværdig,1
qvæstionen,1
tingstudes,1
uskikkede,1
justitsforfatning,1
forelagt,1
afsagt,1
hovmesteren,1
hovbonden,1
ufuldstændighed,1
partikuliers,1
eenfoldeligen,1
skinbarligen,1
forelegge,1
beregninninger,1
producten,1
protocollerne,1
ilonum,1
domestikstand,1
w,1
erlanges,1
udgrøbe,1
mergel,1
hovsted,1
reskripter,1
terskere,1
registraturer,1
skimmel,1
omflyver,1
løskiendt,1
præsumitur,1
libertus,1
rets,1
frievilligen,1
bemærket,1
forlibte,1
skatbetienterne,1
hutin,1
ludwig,1
raisonner,1
attraa,1
herrernes,1
friehedsbrevet,1
forordnede,1
militarisk,1
ubeqvemmelighed,1
dynge,1
tieneste-karle,1
panegyrister,1
tegl,1
murerne,1
bestandigen,1
bred,1
slagterie,1
candidaters,1
kundstab,1
slagtertiden,1
rettergang,1
giennemlæse,1
landsdommere,1
stiftamtmænd,1
tvette,1
lovgivnings,1
ialt,1
paragrapher,1
processerne,1
aftersket,1
utersket,1
svaghkd,1
nærværendes,1
umaget,1
mule,1
godvillighed,1
philosophens,1
sindrige,1
splid,1
hvælving,1
overmande,1
naboerne,1
tilbringer,1
seneca,1
høiden,1
epift,1
tørhed,1
udgraves,1
nærmede,1
vandfalds,1
morats,1
strimmel,1
kornmark,1
render,1
deyligste,1
ax,1
pligterne,1
umueligheden,1
tilføies,1
hare-foden,1
pante,1
tøirene,1
dragre,1
plagefoged,1
tøire-heste,1
nedskyller,1
vange-vante,1
besluttede,1
antegnet,1
naboen,1
opkommende,1
forsaaet,1
egenkærlighed,1
side-ager,1
uagtsomhed,1
blest,1
nedtraadt,1
iverksæt,1
tilbaae,1
krøges,1
trodset,1
gader,1
kroe-mændene,1
fortrædelighed,1
nærmelse,1
land-maalere,1
støttede,1
urin,1
høyen,1
surrede,1
bæk,1
allee,1
fløttet,1
strekke,1
skieg,1
pløyede,1
jericho,1
gienstridige,1
omgaaets,1
adskillig,1
læ,1
ly,1
skikene,1
troløse,1
føllet,1
lodkastningen,1
treffede,1
frieste,1
enemærker,1
tæppe,1
kunststykker,1
stoltere,1
almagt,1
tørring,1
kraag,1
monarker,1
kunstarbeyderes,1
naaede,1
steyl,1
udjorden,1
opgang,1
snegleformig,1
drive-hiul,1
buegang,1
høyens,1
gødskningen,1
flade,1
giennemstkaarne,1
behielpelige,1
dannet,1
uvitterlig,1
udrøddet,1
parvosqve,1
mådeligt,1
befænget,1
oprykket,1
sværere,1
vent,1
sæderugens,1
afbidt,1
opspire,1
fortog,1
fiøre,1
skovle,1
endelangs,1
stenene,1
nedtraad,1
nedvadt,1
evret,1
blød,1
trampen,1
agerforfatnings,1
træden,1
creaturets,1
benene,1
broelegge,1
opkiørsel,1
pløiede,1
comissairer,1
strimler,1
stiere,1
langjern,1
udrøde,1
herreders,1
indhentede,1
slaa,1
beleyligste,1
udnævnede,1
pløjelandet,1
herreds-betienternes,1
hvilte,1
fortsettes,1
uberegnet,1
land-commissions,1
harven,1
vange,1
tyring,1
tildele,1
agricola,1
nepotes,1
slavernes,1
ujevnt,1
splittes,1
modent,1
sommerdag,1
vildnissen,1
hareskov,1
harebakkens,1
opbundet,1
tætningens,1
høstveir,1
brakingshøy,1
adelsmand,1
forødt,1
uskad,1
bindere,1
svartalsar,1
henfaldt,1
meyere,1
yderlighed,1
frokost,1
liig,1
overhugge,1
bælkornet,1
spillebordene,1
oprodet,1
byemændene,1
sustinet,1
virg,1
georg,1
libr,1
hvitfeldts,1
bevaagenhed,1
graves,1
tildragne,1
spadseretour,1
overdekket,1
forladt,1
bratingshøy,1
guncelin,1
moes,1
neapolitanske,1
muldvarpe,1
efteraar,1
thrennethri,1
colaini,1
nesti,1
frydefuld,1
opreisning,1
patte,1
tavle,1
sieldent,1
bedreveligt,1
møysommeligste,1
underholding,1
uviseligen,1
tørrer,1
sveden,1
fornemmelige,1
igientagelsen,1
alenetilhørende,1
naboebønder,1
trykkede,1
laasen,1
beqvemmeligere,1
sindsbevægelse,1
studsede,1
kinden,1
brødres,1
høyre,1
ærgierighed,1
æresbeviisninger,1
efterlod,1
adelbye,1
saåledes,1
udslukte,1
indtagen,1
lodseyerne,1
rodfæstet,1
mille,1
navnkundig,1
reglerne,1
overtalelser,1
lykken,1
sildigste,1
amindelser,1
iværkstille,1
elskeren,1
afkrog,1
tilsidesættelse,1
afhandlede,1
rosværdigt,1
utilstrækkeligt,1
agerlod,1
afbrydes,1
torp,1
kiøbmandens,1
uskatteerlige,1
qvæg-sygdom,1
begvemmelighed,1
mærkte,1
landsmændenes,1
daaren,1
edders,1
medgang,1
egensindighed,1
aarstider,1
søns,1
heftig,1
ønskte,1
ustadige,1
orkaner,1
vandskyld,1
udfore,1
uroligheder,1
grace,1
bekiendtskab,1
vedligeholding,1
belob,1
livres,1
hoyt,1
svækkes,1
fortegnelsen,1
monarkiet,1
rakte,1
tjenester,1
gvalte,1
græmmelse,1
sørg,1
klædedragten,1
faddergave,1
fortrinet,1
haandværkskarle,1
avlskarl,1
kiøbsted-tiener,1
barnets,1
dannefirrd,1
bestyrtet,1
ah,1
stoel,1
tungsindighed,1
tavlen,1
fortegnelse,1
rnuelig,1
befandt,1
jordparters,1
formaaende,1
here,1
eftergiven,1
trævenhed,1
kielenskab,1
begræde,1
agerforretningerne,1
landsens,1
marsklandene,1
allerkiereste,1
fornøielser,1
heeden,1
heedejord,1
agrenes,1
jordstykkers,1
ovrige,1
landsmand,1
exem,1
selv-eier,1
lastværdig,1
høfligheder,1
paalægger,1
maaltidet,1
deelagtiggiore,1
taug,1
bibringe,1
nøisomhed,1
haandverks-karl,1
halberstædiske,1
samledes,1
bækken,1
øyet,1
cirkelen,1
feder,1
mættede,1
nysgierigheden,1
klæden,1
reise-penge,1
igientagelse,1
udmærkede,1
retskaffenhed,1
dannefærds,1
overtalt,1
fortie,1
forskaske,1
øyeblikkes,1
bevaa,1
fædrene-landets,1
spadseretouren,1
dukaters,1
spillede,1
talriig,1
afskildret,1
uroligheden,1
tilsaaet,1
besørgede,1
forekommede,1
troppen,1
øyemærker,1
beskyttere,1
velfornøyede,1
lodseyeres,1
saarede,1
ægtefælle,1
viseste,1
landhuusboldningen,1
herudaf,1
perspectiv,1
handlingen,1
mistvivler,1
vindskibeliges,1
rigelige,1
sigterne,1
glæden,1
traadte,1
skyldes,1
dagbøger,1
længtes,1
tidsblade,1
hjemmeværende,1
indrykkede,1
løben,1
handthævet,1
forfskaffe,1
renere,1
produkterne,1
republiks,1
indssydelse,1
agerhuusholdningen,1
forfædrene,1
trangen,1
overlæggelse,1
rolige,1
afbilding,1
agerforretninger,1
rugsæden,1
wext,1
fælleds-jagt,1
besværligheden,1
huusholdningens,1
betienternes,1
fristelsen,1
proprietairnes,1
bondergaardenes,1
hensigters,1
veyrligets,1
savnet,1
arbeyds,1
berømmelige,1
stenet,1
lættelse,1
biedraget,1
kierligste,1
endemaal,1
parlementet,1
vissers,1
tungeste,1
fordriste,1
urimiligt,1
allenej,1
anlediges,1
forfalds-tiden,1
forglemmelse,1
regnings-betiente,1
æresyge,1
besadte,1
maitresser,1
tiltagen,1
ældgammel,1
favoriter,1
contractors,1
skienkes,1
endten,1
anstillede,1
tilfredsstille,1
nedertrægtige,1
vakte,1
overveyes,1
tilhorer,1
stolt,1
fransoser,1
pandt,1
stoles,1
regieringgens,1
hofmænd,1
uindskrænkede,1
virres,1
jægere,1
hollænderierne,1
betrygges,1
opgaaende,1
stats-forfatningens,1
grundvolde,1
umuelige,1
ministere,1
uforstandige,1
virkvil,1
aarvaagenhed,1
trællede,1
fordunklet,1
fredelige,1
noder,1
ubevist,1
monart,1
forvirrings,1
raab,1
gelige,1
blødte,1
berettiger,1
taare,1
lønnende,1
leye-tærskere,1
forhaledes,1
gior,1
pleilen,1
gulvene,1
menneskehadende,1
grundsatser,1
orientalske,1
forgiftet,1
tyrkiet,1
bætes,1
koe-laden,1
tærskerne,1
nedkaste,1
overdra,1
majestetens,1
overdrager,1
tærskes,1
elker,1
udraabet,1
lignede,1
uventelig,1
arvekonge,1
landgilde-penge,1
følgeskab,1
syvfold,1
dæmning,1
tidsregning,1
laalandske,1
mord,1
frodes,1
borgelig,1
høystskadelig,1
umueligere,1
egenskabers,1
overherre,1
selvegne,1
tilhorte,1
bestyrer,1
leede,1
veddemaal,1
forløbne,1
omstændighedernes,1
føer,1
kjende,1
begjerlig,1
vildfarer,1
labyrint,1
godseyeren,1
eyendoms-retten,1
lidte,1
leye-folk,1
skatrer,1
ubodeligere,1
forvirringer,1
hovning-arbeyds,1
naadsens,1
tilforen,1
ankommer,1
hol,1
høeslettens,1
punkt,1
opsetter,1
ovenfor,1
betænkeligere,1
udrømte,1
nødtorftigheder,1
udhvervede,1
ødeleggelsen,1
usigelige,1
bløder,1
penge-laanets,1
forvilder,1
føelte,1
spinde-stuer,1
moralsk,1
ophidse,1
privatgodser,1
processen,1
ting-reyser,1
eminens,1
dominium,1
fornærmende,1
overeyendom,1
overtræderne,1
opsettes,1
straske,1
grundsatz,1
statskyndig,1
christendoms,1
uventeligt,1
livegenheden,1
begribes,1
rygternes,1
souverainitæten,1
underbetienterne,1
ministrene,1
uafladelig,1
sandske,1
be-frygte,1
synker,1
prægtigere,1
rereneste,1
erkiendte,1
evner,1
slavestand,1
overmagt,1
uretmæssig,1
steen-broe,1
opkommet,1
erhverved,1
sommer-vexten,1
kiøbmandsgods,1
sammenskud,1
ages,1
stadesløs,1
korn-lader,1
vinter-sæden,1
forgaaet,1
væde,1
hagel,1
raabere,1
navngive,1
beskylder,1
bedagede,1
leer-arter,1
nedpløiet,1
graat,1
spade,1
pebies,1
lægedommen,1
forderveligere,1
tryggekig,1
klæver,1
vand-steder,1
oprense,1
aabnedes,1
allerforderveligste,1
forhin,1
mage-skifter,1
lods-ey,1
græsst,1
erne,1
oprodede,1
hævelse.eller,1
uroeligheder,1
betiemeres,1
skoele-læreres,1
uomgiengelig,1
knnde,1
agerbond,1
oppløie,1
bønder-gaardene,1
sanket,1
saaeningen,1
betalere,1
vidtløstighed,1
fær,1
høiderne,1
vin,1
embedes,1
græs-rødderne,1
pløiningen,1
tiltagne,1
tiende-sviig,1
giødtes,1
stændigheder,1
fieeste,1
dei,1
tiende-ydere,1
beboes,1
stamhuse,1
ærerørige,1
bortæder,1
bevirke,1
udfettes,1
brunt,1
leggets,1
betydelighed,1
magelagde,1
stengler,1
moent,1
skatte-friehed,1
stage,1
reedelige,1
comissarii,1
frø,1
forretnings,1
lands-lov,1
tilharvet,1
paaankes,1
klever-frø,1
lønnet,1
undgaaes,1
halvtredsindstive,1
brække,1
landgang,1
gulnes,1
gnide,1
rytter-godsets,1
malke-kiøer,1
kleveret,1
forkrænkes,1
forventende,1
øyemærket,1
drifte,1
blæse,1
fælledska,1
bets,1
knipper,1
hænges,1
fyldest,1
opsanker,1
gierdsel-sko,1
stenge,1
røvere,1
loft,1
krigs-tider,1
fiendtlig,1
fastfettes,1
fil,1
moesbegroet,1
ager-jorder,1
bestriv,1
underdanig,1
hovnings-friehed,1
hovmoder,1
raade-rum,1
hellers,1
imodfatte,1
afgifternes,1
sædegaarden,1
underret,1
undseer,1
selveyerne,1
hjerte,1
omme,1
hovfrie-bønder,1
gunstigere,1
baarnedrettighedens,1
san,1
afgifts-kræfterne,1
bierregaarden,1
humble,1
ufuldkomment,1
høystfarlige,1
collegie,1
belives,1
nedfaldt,1
skammelige,1
arbeidende,1
ægtemands,1
ublueste,1
folgsom,1
ærværdigste,1
tillukt,1
tienerne,1
fuldkorn,1
tienerens,1
legemes,1
misfornøyet,1
militair-etaten,1
ædruelige,1
bedragene,1
slagsmaal,1
gager,1
mildt,1
blinker,1
tienernes,1
faasom,1
suul-vahre,1
oxer,1
steeste,1
tien,1
inddeelning,1
jordebruger,1
tilstædes,1
lystede,1
skatte-sæd,1
veyret,1
tiende-maadens,1
fraregner,1
kirke-eyere,1
forat,1
sultet,1
røder,1
ihjel,1
mikkels-dag,1
tiende-yderes,1
sviig,1
medhandles,1
måleligste,1
overtroe,1
optrækker,1
liefland,1
kostbarere,1
sveik,1
land-mand,1
slagtede,1
fierding-aar,1
malke-kiør,1
hielpe-midler,1
dreves,1
land-manden,1
lyst-gaarde,1
anstrenge,1
foer-trang,1
bonde-jorden,1
forslaa,1
beleyligst,1
giødnings,1
pløyet,1
høymislig,1
vindning,1
allerældste,1
fæste-penge,1
administrationen,1
enormiteter,1
midlertid,1
deere,1
plagede,1
v.eltænkends,1
foder-trang,1
siekk,1
tilkiøbbt,1
rebelske,1
tørven,1
udrevne,1
lønnens,1
surt,1
egenstab,1
egenhændig,1
undertegnede,1
anhverve,1
renrer,1
paahæfter,1
daarligheder,1
skioder,1
paahæstede,1
udresde,1
elændig,1
omstøbes,1
udbygger,1
vedbørlige,1
gjekkerie,1
trskhokt,1
fas,1
formasteligo,1
mang,1
skjøde,1
frieherre,1
comoedie,1
afmigets,1
selveyrre,1
hovlods,1
sclvtagen,1
agtbare,1
kiefalder,1
udkorrme,1
erect,1
unaades-tegn,1
wertimod,1
velgiernlnger,1
hanelsser,1
"uordenttigheder,misbrug",1
characterer,1
fyrskens,1
forklar,1
fæstebonde,1
kortsynede,1
snik,1
forstyrret,1
gavnet,1
hosbondshold,1
viismundede,1
mdr,1
roeste,1
ævindelig,1
drømmen,1
skaal,1
herude,1
beesters,1
honningens,1
affærdige,1
høn,1
belober,1
erlegge,1
hdan,1
skrig,1
proponerer,1
udtænkt,1
udflugter,1
paaliggende,1
indfæstnistg,1
vredes,1
bebreide,1
avelskiold,1
richmand,1
lykkedes,1
slægtning,1
stodderen,1
efterstægt,1
strå,1
tael,1
præcaution,1
pandthavere,1
samm,1
prioriteret,1
igle,1
hjemfalder,1
ode,1
tjenstdygtige,1
smidig,1
uexeqverede,1
asseurance,1
bondepak,1
folke-formindskelse,1
losser,1
overvældes,1
vældige,1
indførelse,1
nedfynker,1
formynderskab,1
ting-skrivere,1
auctions-directeurer,1
formyndere,1
ødsle,1
splittede,1
geraadne,1
grændseløse,1
skjøtter,1
vindesyge,1
ukruddet,1
bortvisner,1
kjelder-pige,1
øltappere,1
klogeligen,1
førstens,1
haarskjærer,1
tordenslag,1
bøddel,1
anklagere,1
befalde,1
vanartede,1
kapitalierne,1
folke-formeerelse,1
esterat,1
hyæne-jagden,1
udsigter,1
bønderfolk,1
førkastede,1
forordne,1
medhandling,1
pinseler,1
forlydende,1
skjøndt,1
ulovligen,1
bsudergaardene,1
indstævner,1
forslog,1
tingdage,1
grueligste,1
smertefuldeste,1
behændige,1
guldsmed,1
traf,1
angreben,1
klæde-dragten,1
fatige,1
redligs,1
contrabande,1
bleeg,1
gremmelse,1
smuehandlere,1
blegne,1
saltkræmmere,1
tobakskræmmere,1
forkjøbere,1
forsætte,1
tydeli,1
gere,1
foregives,1
tilregner,1
betog,1
udlade,1
ignorance,1
censurere,1
tretholt,1
bondevante,1
laqvajer,1
betjenterere,1
jagd-dag,1
helvedangst,1
førstelige,1
tilladelsen,1
egteskabs,1
beære,1
landhnusholdingen,1
forstelige,1
bønderfolkene,1
leyen,1
efterstykke,1
banqverotterende,1
vexant,1
cenfura,1
modbydeligt,1
hoved-personerne,1
unstagen,1
trængt,1
bønder-.karle,1
under-officerer,1
søemænd,1
richmann,1
taabeligt,1
foged-værdighed,1
contribuerer,1
næringsveye,1
tøs,1
skorte,1
tartar,1
fødestavnet,1
tyrk,1
kiønne,1
trods,1
overskyde,1
rask,1
bengel,1
interessent,1
tænder,1
uhældig,1
halsen,1
capitalist,1
contradictorisk,1
afkaster,1
kammerat,1
hils,1
omfavner,1
morlil,1
kiæreste,1
hilse,1
forliebte,1
forhielpes,1
brudeseng,1
ærgre,1
circumspection,1
kikkerten,1
bebreider,1
uudholdelig,1
nag,1
eenligste,1
buus,1
vranten,1
pecceres,1
forstille,1
glut,1
udeblivelse,1
giordte,1
angst,1
umueligheds,1
løbende,1
soreprædike,1
færde,1
haderslev,1
derude,1
vansmægtelse,1
drivesieder,1
arbeydsomheds,1
dessens,1
bonde-stauden,1
ødelagde,1
hovedpiller,1
ubeskaarne,1
betryggelse,1
relativisk,1
bearbeyde,1
fabriqve-arbeyderen,1
grue,1
søemanden,1
nedlig,1
kuldkaste,1
axioma,1
mundheld,1
tvangs-midler,1
heeren,1
frasiger,1
tilbøyeligheber,1
slappes,1
fordybt,1
ædeltænkende,1
søg,1
handelsmænds,1
forstuen,1
vanskeli,1
imellemstunder,1
fabriqveurers,1
forløber,1
næringsvey,1
skaf,1
frugtesløst,1
bedrøvede,1
velberaad,1
sørens,1
høne,1
citeerte,1
overskudet,1
naa,1
spodsk,1
formastelig,1
værker,1
understyttes,1
kiærestes,1
ommældt,1
paaklages,1
fortaler,1
hovnings-pligten,1
dødeligheds,1
tilrette,1
tørvemosen,1
forskiære,1
hænde,1
klatten,1
lønnekorn,1
upligt,1
kiøbslaae,1
knægten,1
contrahere,1
negles,1
gierselen,1
nak,1
afsætning,1
rørende,1
scene,1
drømmer,1
vaagen,1
graalaare,1
præfereres,1
medbeylere,1
restancerne,1
degnenes,1
pokkers,1
bilfor,1
jorde-gods,1
engel,1
piin,1
udryd,1
henrik,1
haandværksfolks,1
skoleholdernes,1
foragter,1
miu,1
huen,1
søefarendes,1
krigsmandens,1
foredrager,1
taabelighed,1
undseelig,1
drist,1
tilskyder,1
undt,1
klædde,1
forstødes,1
vadmels,1
ligt,1
farligheder,1
fatiger,1
forbudt,1
aarvaagenheds,1
seylede,1
papire,1
bød,1
redere,1
anfald,1
kendte,1
prakker,1
forsvarede,1
forhøre,1
ildsfare,1
bevogtede,1
posten,1
græs-marker,1
kiobstædens,1
skieldsord,1
utienlig,1
raisonabel,1
kør,1
icode,1
heste-skoe,1
trøyer,1
buxer,1
serieuse,1
strømper,1
rullede,1
pølser,1
knæene,1
træskoe,1
beslagne,1
fundament,1
kierligen,1
italienske,1
soldater-standen,1
drollen,1
forbiqaae,1
barnagtigt,1
raadeligst,1
døve,1
pølsesnak,1
foreholder,1
hittegods,1
uvirkelig,1
ikkuu,1
stats-huusholdningen,1
meierierne,1
efrerdi,1
græsland,1
311,1
agerlandets,1
meieriernes,1
doms-akterne,1
hoved-aarsagen,1
bygnings-bekostningen,1
forfat,1
opdraaelse,1
afvelte,1
oglad,1
oq,1
huusenes,1
koldsindigt,1
lunkent,1
vidnernes,1
edelige,1
politiret,1
høyvelbaarne,1
mældes,1
kornavlingens,1
næringens,1
kapitalen,1
regiment,1
krav,1
udfærdige,1
festebrev,1
adspredes,1
upaaklageligt,1
jordegodsernes,1
hensette,1
handels-compagnier,1
ugyldige,1
fette,1
foragtede,1
halte,1
kommisbrød,1
gialt,1
søstre,1
opregnede,1
engellændernes,1
paastaande,1
kodier,1
floritanteske,1
carter,1
skiffer,1
pløielandet,1
anmældes,1
svensdaatter,1
beviisligen,1
land-oekonomies,1
næringsveies,1
stiaalne,1
høisthinderlige,1
privatpersoners,1
brændefang,1
opsedsighed,1
udsuelser,1
tugthuusdomme,1
undertrykkelser,1
argument,1
provoceres,1
giører,1
7/8,1
aftenstund,1
spændes,1
justizen,1
fremmes,1
høistlykkelig,1
birte,1
skattefri,1
terskerladen,1
næringsbrugernes,1
florian,1
anmærk,1
requireret,1
paatvunget,1
svensen,1
advarseler,1
opbygning,1
tobakspibes,1
fæste-bønderne,1
triste,1
velfortjent,1
afskyeligt,1
209,1
halvandet,1
søsterne,1
industrie,1
importance,1
kristense,1
hiørner,1
hovedgaards-taxtens,1
hovedgaards-tarten,1
beffyttelfe,1
underrettede,1
carte,1
effendrups,1
lier-sogn,1
skifte-salarium,1
beboeligste,1
jeger,1
speculationer,1
habilite,1
vergemaal,1
raget,1
synemænd,1
forgielde,1
forskrækkede,1
farbroderen,1
draae,1
allersnarest,1
sparsomme,1
stakkel,1
kistebond,1
farbroders,1
paatænke,1
ubeboelige,1
19/25,1
skattes,1
klagemaalene,1
vedgaaes,1
nerer,1
suppo,1
manufaktur-vahre,1
fabrikeog,1
alleslags,1
paalideligt,1
jordprodukter,1
faareavling,1
stats-sager,1
381,1
bevisligen,1
prætenderer,1
næringsvei,1
resterer,1
udvidet,1
393,1
361,1
løsere,1
udbragde,1
krabat,1
slyngal,1
soutineres,1
uforstand,1
afviist,1
føiede,1
eftergiver,1
beregnede,1
indvendingerne,1
modsigere,1
2/5,1
lese,1
sødskendes,1
meier-gaarde,1
oxestaldingen,1
plovbester,1
bemidledes,1
bøemerke,1
indfestnings,1
nøies,1
nøjagtigere,1
grundigere,1
spørs,1
hvorhøit,1
isettes,1
afviisning,1
zusaze,1
imodsiger,1
skifteret,1
broderbørns,1
velerfarne,1
uretfærdigste,1
respekt,1
skifte-retten,1
velagte,1
vildfarelsen,1
larsen,1
elmegrunds,1
formenende,1
bortskiænket,1
feighed,1
udbedes,1
brøstfældige,1
føielighed,1
anstillet,1
indifferent,1
udledes,1
ubeføjet,1
samtykkede,1
dommene,1
bønder-familier,1
fuldbyrdes,1
kjøbmænd,1
fortolkere,1
naadigst,1
forlades,1
frakjendes,1
indstrænkelse,1
vands,1
takkende,1
høysammes,1
indslutte,1
trudsler,1
utydelige,1
ubestemte,1
ydmygbed,1
meningen,1
prisskrifter,1
uforgribeligen,1
christenheden,1
misfornøjelse,1
ligesindedes,1
ildetænkende,1
oversetninq,1
regjering,1
utydeligheder,1
løsgives,1
gaards-karle,1
manufaktur,1
tilgive,1
bevante,1
næringsvej,1
uundersøgt,1
udviider,1
appliceres,1
fremgaaer,1
fremvæxt,1
jordbrugs,1
førstrn,1
afgiver,1
overtrædernes,1
sværdet,1
jagden,1
indklaget,1
nærinq,1
pligternes,1
forfatninger,1
menneskerettigheder,1
skrankerne,1
trekbolt,1
opfedsige,1
kjøbmænds,1
gjengjeldet,1
sønlig,1
stormægtige,1
ligeså,1
landsherre,1
oeders,1
skudsmaal,1
opttin,1
proft,1
rothens,1
høysamme,1
kjøbs,1
blomstrer,1
manglet,1
selvroes,1
fieste,1
betyngede,1
høysiskadelig,1
caracteerer,1
høyførstelig,1
caractecr,1
undsetning,1
forpligtet,1
forslege,1
handteringer,1
gejstlighedens,1
henter,1
hidfører,1
cadetter,1
officeer-børn,1
midtager,1
uforventede,1
tilføyet,1
allid,1
henholdtes,1
uomgjængeliq,1
dispositionen,1
presses,1
lidelser,1
sædelig,1
republiker,1
høybaarne,1
eyen,1
egteskab,1
son,1
herremilde,1
fabrike-arbeide,1
kiøbstæd-næringen,1
mageligheds,1
dn,1
besked,1
afkiøbe,1
iværksettes,1
vedvarende,1
udsetning,1
jorddrot,1
rømning,1
rygte,1
smedder,1
hedt,1
jorddrorrens,1
bønderfolket,1
beskrevet,1
reedskab,1
pengekilde,1
ligesaamange,1
enkerne,1
rettesie,1
malkekiør,1
tinglyse,1
feste,1
trediedee,1
højstfordeelagtig,1
paatrængt,1
halt,1
4/8,1
fremkommen,1
haandskrift,1
jorddrottens,1
privatpersonernes,1
mistænkte,1
tvekholk,1
gaardforsidder,1
aftruet,1
restanzer,1
tilfæstet,1
stere,1
egter,1
miils,1
fogedpenge,1
kullede,1
ip,1
ipsen,1
jorddrotter,1
rytteriet,1
mølleren,1
moseby,1
prægtigt,1
anmælder,1
301,1
1301,1
qvitere,1
værde,1
vexeler,1
fælt,1
vaklet,1
qvarteers,1
consumtion,1
gede,1
degneboeliger,1
ulvejagden,1
præstegaarde,1
fornødnere,1
hyæners,1
plovførende,1
jagd,1
hvilen,1
handhævelse,1
sammenregnet,1
omrin,1
æskel,1
fortrøstende,1
teilbrænderi,1
inddragne,1
afregne,1
aatte,1
gaardforsiddere,1
udmerker,1
frafaldes,1
contradicerer,1
domainer,1
bønderkoner,1
qvinder,1
jorddrotternes,1
skiørt,1
spindeløn,1
ber,1
spindelen,1
tyde,1
attende,1
257,1
paakaldet,1
omhandlede,1
udstudere,1
veyskaai,1
besvaringerne,1
skriftligt,1
træ-plantning,1
utrolige,1
successive,1
ægte-folk,1
ultimato,1
skievt,1
forfordeelet,1
opæder,1
posteritæten,1
værns,1
jordstykkernes,1
bevarelse,1
teglbrænderie,1
paagaaende,1
kiørende,1
uforestillelige,1
vacant,1
employere,1
staldes,1
jordegods-eieres,1
bortforpagtning,1
profiten,1
mundtligt,1
informeres,1
gods-eyerne,1
skrækkes,1
besætninger,1
folkemangeler,1
graden,1
tilraadelse,1
møisomme,1
stræben,1
kietterie,1
ævigt,1
boligers,1
hielpvillighed,1
bonderne,1
kirke-tiender,1
abalienerede,1
jordegvds-eierne,1
extenderer,1
pæger,1
avisdrift,1
privatim,1
aarhundre,1
oppebier,1
deponeres,1
opstegen,1
landgodsets,1
hvilede,1
afhængige,1
uforringelse,1
ufornærmelig,1
ordener,1
borttag,1
trøstede,1
læber,1
ordets,1
brøstholden,1
udelelige,1
eenstemmig,1
forpleye,1
bekiendelse,1
formedest,1
sengeliggende,1
bygnings-materialierne,1
huusleyen,1
sukkes,1
tilvert,1
formindskelsen,1
anmeldte,1
landede,1
hoved-gaardenes,1
reisning,1
deelingen,1
hoverie-gaardes,1
fremfarne,1
umodsigelig,1
uindskrænkelse,1
heste-besætning,1
gavner,1
reserverer,1
tilskynder,1
næringskilden,1
particulaires,1
aftrædelse,1
abed,1
rundhed,1
indirecte,1
omspurgt,1
klodens,1
efterstræbe,1
østen,1
arve-banqve,1
arvepenge,1
kiedsommelighed,1
krigs-rullen,1
existerer,1
befrygteligt,1
nyeaar,1
indleverede,1
fremstillet,1
sogneviis,1
krigs-depar,1
tementerne,1
foredragne,1
distinctions-ruller,1
oversees,1
krigs-ruller,1
sværge,1
fahnen,1
fæste-gaade,1
nævnt,1
arvede,1
giftermaals-passer,1
forspilde,1
afskeeds,1
udskrivnings-pas,1
optegnede,1
sammenrottelser,1
jord-drottens,1
belægges,1
fædrelandets,1
forbindtligheder,1
tiene-skyldighed,1
regale,1
regierings-constitutionerne,1
skyldefanget,1
høiest,1
nedrigst,1
ryster,1
fidere,1
løsnes,1
udfæstede,1
fiscum,1
beedigede,1
tigt,1
attesters,1
ufornuf,1
overlegne,1
garant,1
frietages,1
bonde-dreng,1
sessions-deputerede,1
lands-herren,1
attestation,1
falsknere,1
inspections,1
protocol,1
trøstesløst,1
christlig,1
afvises,1
undsætningen,1
medliden,1
ufornærmende,1
ermeldte,1
inspections-protocol,1
indbunden,1
opskrues,1
ustemplet,1
kiøbmændenes,1
svekkelse,1
sogne-cassen,1
giennemdraget,1
culturen,1
forseglet,1
ansvare,1
betler-staven,1
betlernes,1
drivefiæder,1
mandkiønnet,1
ødselhed,1
svir,1
telser,1
irettesæt,1
karlens,1
uduelighed,1
statur,1
tugtelser,1
fæsten,1
optugtes,1
tiltalt,1
uforrykket,1
krigs-styrke,1
sædernes,1
beqemmelighed,1
tilkiendegivelse,1
sognernes,1
mandskabs-lister,1
paagrandskes,1
elændighed,1
usikkere,1
nedstige,1
haandterings,1
frietagelse,1
klodder,1
indleyer,1
drikke-vahre,1
forenige,1
overhæng,1
eenstemmige,1
fraraadelse,1
erte-lykker,1
fællederne,1
territorio,1
paasetning,1
giersel,1
lykker,1
byemænds,1
slut,1
allernøieste,1
advocat,1
lands-forvisning,1
hastigiænkende,1
prætexr,1
observerte,1
koegang,1
justice-betienteres,1
naboe-byernes,1
fornedrede,1
tolder,1
tikiøbte,1
forynskede,1
dependence,1
subordination,1
afdrage,1
subordinerede,1
overmanden,1
jordegods-besidderne,1
compendieusere,1
cesserte,1
forsikkre,1
sognepræsten,1
leyere,1
amtmands,1
befalningers,1
selveyer-bonden,1
adskillelsen,1
supplere,1
adfkilt,1
1/5,1
provincial—fiscalerne,1
heste-formeerelse,1
m.8,1
overbyrdes,1
tilsidesettes,1
juste,1
forurettedes,1
uafdragelige,1
subjecta,1
amtmandskab,1
paasat,1
æqvivalent,1
overbyrdet,1
constituerede,1
denominerede,1
diverse,1
øvriges,1
skifte-opsynsmænd,1
truffet,1
instancer,1
byrdene,1
fiscalen,1
udveiet,1
urervisheder,1
tilraader,1
blindet,1
mageligst,1
anhøres,1
personlig,1
r.2,1
5-1-8,1
hov-bud,1
andrager,1
hov-karle,1
9-274,1
ærefrygt,1
justicien,1
foreniges,1
boesat,1
plov-dage,1
moderateste,1
anklaget,1
anslaae,1
satsens,1
indtale,1
valeur,1
jorde-bøger,1
favorit,1
auctioner,1
urgeret,1
specie,1
dus,1
fordeels-regul,1
tydeligst,1
qro,1
tiltog,1
giengieldelsens,1
extremiteter,1
tagende,1
tilgangen,1
conf,1
besvaringen,1
handels-mænd,1
8i,1
capituls-kiøb,1
regres,1
indavlingens,1
betagelse,1
aftærskning,1
brøds,1
indstille,1
udskibnigs-sted,1
hungers-nød,1
forsetter,1
veyledet,1
forøgelsens,1
jordegods-besiddere,1
afvender,1
veestand,1
brand,1
tillægs,1
jordedegods-eiere,1
sørges,1
"50,000",1
hovedregel,1
gemæs,1
poneres,1
uforandret,1
beriges,1
hovedgaardcnes,1
heste-familiers,1
fourneret,1
recrutcring,1
hestemængdens,1
sælsomme,1
forflytning,1
høystforunderligt,1
mangeli,1
inverster,1
huussmænd,1
løselig,1
procuratorer,1
feilede,1
sterkt,1
rets-betientere,1
justice-behandlingerne,1
hovedtaxterne,1
amtmandskabs,1
birkefogders,1
æfgteaskabe,1
birkeskriveres,1
assistenter,1
afgiftsbyrde,1
herred,1
birk,1
bøy,1
udregende,1
udependerende,1
ordenen,1
primus,1
secun,1
taxierne,1
grundsteenen,1
vacante,1
are,1
landprangerie,1
kornpugerie,1
furnumeraire,1
haardelig,1
vindesyges,1
beydere,1
harmonerer,1
chri,1
stelig,1
uddeeles,1
formerelst,1
medchristne,1
landsbørn,1
qvæftion,1
næring-men,1
havdber,1
eenemærker,1
tyrkes,1
hests,1
bønderqodets,1
afskedige,1
krigs-disciplins,1
følhoppe,1
allerdaarligste,1
kamerater,1
hoved-gaardene,1
aflod,1
afværget,1
udeblivende,1
opdigtet,1
beklagelse,1
siæl,1
forhialp,1
medmindre,1
forvovne,1
oprører,1
saamen,1
fieder,1
fraraadede,1
slæbede,1
beklaget,1
slotsporten,1
høyligere,1
forandredes,1
triumph,1
skildre,1
sværger,1
officeren,1
contributionerne,1
efterretlig,1
revenues,1
kuldkaster,1
afbræk,1
føreslagne,1
skifte-arbeide,1
andemnisation,1
proprietair-godset,1
indtræsker,1
skifte-arbeidet,1
cantionister,1
udregn,1
forlode,1
itvungne,1
yngre,1
cautionisten,1
fattigfoged,1
undstaae,1
contnburisner,1
afgifts,1
forkastede,1
dækket,1
madkurv,1
lukte,1
forventes,1
helligen,1
undertegnet,1
nor,1
restantse,1
sortiene,1
peger,1
skreve,1
leveer,1
hovnings-arbeydets,1
kroegang,1
unddragelse,1
undsætnings,1
hovnings-godserne,1
stammelig,1
undersiyttet,1
narret,1
tilskynde,1
lastend,1
udslæbt,1
opægge,1
hovarbeidet,1
jorde-godses,1
trettende,1
trækning,1
krigsfrygt,1
beskriver,1
løgne,1
kræesyge,1
uværdigt,1
værefrie,1
sore,1
kirkestævne,1
truffen,1
truelsen,1
hevnen,1
loddet,1
skielne,1
oprøre,1
sammenskrive,1
selvskyldener,1
uligt,1
hovarbeide,1
broget,1
forføreres,1
seile,1
anklage,1
formynderen,1
optegn,1
knudsen,1
hid,1
eftergav,1
clarerer,1
bedrer,1
eyendommene,1
indskrænkninger,1
forfare,1
strænghed,1
efterlev,1
jens,1
graversen,1
uoverrumplede,1
istedse,1
barselseng,1
kiend,1
ynskeligste,1
hundehval,1
pene,1
udelukkelse,1
stervboet,1
indtrædelsen,1
gide,1
datters,1
rest,1
vedtages,1
labyrinth,1
aarings,1
undslaaet,1
ledsagning,1
nybaarne,1
reddes,1
synderligt,1
lak,1
føges,1
slægtninge,1
nøyaglige,1
voldgiftsmænd,1
omstøder,1
afmaale,1
gavmildhed,1
iage,1
afpasse,1
frakiendes,1
saalange,1
regiærings,1
indflutte,1
despotismus,1
summen,1
beskikke,1
sønner,1
fes,1
foruretter,1
rilrettesættes,1
søefolkene,1
bedrives,1
strandkanten,1
flaaden,1
lanet,1
655,1
demonstrationer,1
gotgiordt,1
indeholdes,1
sorger,1
farten,1
patenter,1
frigivne,1
smørbrød,1
angestfulde,1
audre,1
indsnigende,1
myndigheds,1
opagtes,1
udkommen,1
skiftebrevet,1
underføgelsen,1
pardonnere,1
aare,1
forskaffelse,1
skiftebrevets,1
titulen,1
dølge,1
omloer,1
vedbragt,1
angesten,1
flettere,1
knud,1
sen,1
jorde-godset,1
forebringende,1
hange,1
uforhørt,1
resolveret,1
hosbondhold,1
drive-fiæder,1
haandthævelse,1
fy,1
raadstue-tiennere,1
lovstridigt,1
trøsteløs,1
fæstegrund,1
griber,1
tienner,1
forsatte,1
parre,1
trøstes,1
eniges,1
løsepengene,1
foreflagne,1
fornøier,1
registeret,1
forbøn,1
clarere,1
eftermiddag,1
bedrøvet,1
skude,1
landprangere,1
betles,1
pandtsættes,1
parke,1
criminel-sag,1
assecureres,1
hældig,1
skyer,1
yndighed,1
forborgene,1
nings,1
teg,1
byde,1
lindre,1
snaps-tings,1
scrupel,1
skadesløsholdelse,1
tilbudet,1
smerte,1
spadseres,1
anstigende,1
føring,1
bogholderie,1
klokkeslet,1
antrit,1
kræe-sygen,1
ligste,1
anstændighed,1
rodemestere,1
nielses,1
politie-mestere,1
tugt,1
aftale,1
selvraadighed,1
skiftende,1
excesser,1
skifteforvalterens,1
sessioner,1
pigebørn,1
præsentation,1
wissinberg,1
begyndelser,1
modbydelig,1
udgrandske,1
arveparten,1
forskrækkelse,1
sødelig,1
drømte,1
raadig,1
arvelod,1
betrygende,1
afkald,1
skifte-vidner,1
silkevæver-svende,1
brystfældighed,1
tilbageholde,1
behielpelighed,1
magistrat,1
syndig,1
mods-brev,1
borger-ständen,1
undgielde,1
contra-protocol,1
paapassende,1
opsigthavende,1
børnepenge,1
white,1
pultron,1
beholdnings,1
irland,1
ytres,1
forleder,1
qva,1
skifteforvaltere,1
boys,1
bygfæld,1
løsenet,1
foreholdes,1
audience-kammer,1
fordunkle,1
herop,1
gesvindt,1
ære-tempel,1
danophili,1
bonum,1
multorum,1
seeletøy,1
bespændelse,1
fingulorum,1
forskrækkes,1
commodo,1
indemniseres,1
longiffime,1
gods-revenue,1
allerhøyste,1
reformations-geisten,1
hvitfeldt,1
stræde,1
nyehed,1
qvæstionerne,1
gieldbundene,1
river,1
parterret,1
efterslægt,1
tilskud,1
secunderer,1
meensoren,1
forærede,1
paaskiønner,1
eensoldige,1
antag,1
reformatores,1
agerdyrknings-redskaber,1
indrentet,1
reedskabernes,1
pleyler,1
brude-gave,1
hestenes,1
hovnings-frieheden,1
lyksaligt,1
dydens,1
ørerne,1
vanlykken,1
udødeligt,1
kornsold,1
forbryde,1
indsnærede,1
besrrikkede,1
regnemestere,1
jorde-godsernes,1
facit,1
forskielligt,1
fæste-antagende,1
menige,1
forarmes,1
indfæstende,1
aarsage,1
gildebundne,1
udskrivnings-maaden,1
urykkelig,1
søe-etaten,1
undslaaer,1
enroulleringen,1
udskrivningerne,1
vaersom,1
mandssab,1
tordens,1
bortrives,1
indkaldte,1
soldaterstanden,1
borne-rettigheden,1
vanknndighed,1
information,1
forskudder,1
forstrækning,1
idée,1
fedekorn,1
mistænkeligt,1
propriertair-godserne,1
birkedommerne,1
forvaltede,1
forrtage,1
fremkalde,1
extract,1
fæld,1
bivaane,1
ægter,1
adspørges,1
opreisnings-haab,1
hvilker,1
fremkaldes,1
forbrydelig,1
times,1
hovedaarsagen,1
opvæxten,1
borge-gaarden,1
søefinnernes,1
varmeste,1
federsmykke,1
strudsfedre,1
elefantens,1
hestens,1
auroxsens,1
tigerens,1
paafuglens,1
hvalfiskens,1
krokodilens,1
klapper,1
slangens,1
sang,1
remorefiskens,1
fortryllelse,1
qviddre,1
blinke,1
glindse,1
hyrdelevnet,1
uskyldigste,1
ulv,1
trekker,1
førsels-vahre,1
nytted,1
skabnings,1
fiske-fit,1
iran,1
skielpade,1
silkeormene,1
firefødde,1
ædes,1
americanernes,1
fiskene,1
dybde,1
strandene,1
musler,1
bedekke,1
havbreddene,1
kiøkkenet,1
sødeste,1
blødeste,1
fiskebeen,1
bæveren,1
hengive,1
bævergel,1
bisamdyret,1
udsvede,1
bisam,1
buk,1
bezoar,1
elfenbeen,1
enhorn,1
havhesttænder,1
amerikaner,1
søegrunde,1
fordrage,1
gienspring,1
fangebur,1
hermelinens,1
vugfinkens,1
høsttræk,1
harens,1
jordtuerne,1
berykkelse,1
lerkens,1
høgen,1
neddukkelse,1
papiirs-høge,1
birkhønsenes,1
kurren,1
fuglenes,1
endernes,1
nøddehønsenes,1
kukkukkens,1
reyens,1
efterraab,1
niøinens,1
fastsuelse,1
kraßhamme,1
brasens,1
legenden,1
ruser,1
tildekkede,1
indgang,1
modne,1
lokkemad,1
skyder,1
opspringer,1
biørnens,1
vinterleie,1
fangen,1
gaupen,1
hundene,1
sælhundene,1
isen,1
nedkommer,1
rovdyrenes,1
garn,1
stier,1
feller,1
revesaxer,1
ulvegruber,1
rovdyr,1
rovfugle,1
falke,1
chamæleon,1
kramsfuglens,1
badet,1
henflyver,1
birkhønses,1
nestforegaaende,1
plantevidenskabens,1
anførende,1
bøgerne,1
helmgræs,1
sandens,1
tilbagedriven,1
dempe,1
drivsanden,1
pateter,1
ankom,1
selsomste,1
botanikus,1
the-planten,1
eftertragtet,1
middags,1
overkomne,1
borttørret,1
rødderne,1
forsøger,1
laplændernes,1
landbrug,1
rensdyr-mos,1
overtragte,1
sommer-foer,1
nordbotneren,1
overvoxet,1
dyner,1
biørnemøs,1
duiner,1
efterdannet,1
stikkende,1
tartariet,1
nedgraver,1
besaaer,1
saa-dan,1
græsfrøe,1
anstiller,1
academiets,1
afhandl,1
1739,1
mente,1
ninsi,1
persien,1
medicament,1
udfandt,1
forefunden,1
vernix,1
apothekerne,1
plante-saft,1
plantekyndige,1
rhabarber,1
himmelstrekning,1
morgenlandene,1
botaniske,1
florida,1
fortkommet,1
foraarsnætter,1
fryser,1
myremosen,1
bitter,1
plante-videnskaben,1
efterforskelse,1
ve-urter,1
bergfanikel,1
pors,1
ledum,1
forvares,1
petiveriam,1
slagtefæets,1
jamaika,1
tørke,1
kramsfugle,1
spergel,1
spises,1
purgering,1
korsbær,1
rhamnus,1
catharicus,1
fæet,1
foraarstiden,1
græset,1
skar,1
ntyde,1
plantevidenskaben,1
cambroc,1
græsmarker,1
laplænderens,1
søefinnerne,1
svøb,1
dekke,1
puder,1
urinens,1
skarphed,1
blødere,1
silke-lagen,1
vugger,1
islænderen,1
velsmagende,1
næringsfuld,1
overbredes,1
saftige,1
søemos,1
rødeste,1
pontak,1
bortjage,1
myg,1
bremser,1
røge,1
provintserne,1
moeser-ere,1
missne,1
urtebeder,1
geddens,1
opstigende,1
ørtens,1
udrinder,1
monader,1
figurer,1
dybden,1
gavet,1
indbefatter,1
dybsindighed,1
dybhedens,1
opsøgelsesredskaber,1
bergverks,1
partiisk,1
beviislige,1
afbildet,1
korter,1
fiske-grunde,1
fiskeriers,1
fange-garn,1
probeer,1
virknings-huse,1
skridning,1
pukning,1
sigtning,1
gien,1
nemsilning,1
underdrivning,1
røstning,1
probeersiuer,1
gemak,1
studeer-kammer,1
bortspilder,1
hjernespind,1
"8,18",1
silde-sloe,1
trandagtig,1
qvarksandagtig,1
indlagt,1
salpeter-verker,1
beslægtet,1
christianshavn,1
salpeter-verk,1
fralokket,1
blindespil,1
uddraget,1
skillings,1
milliontal,1
guldmagerier,1
g9,1
galante,1
sidstforløbne,1
frugtbarende,1
gemeent,1
oplyselig,1
forgyldt,1
udslagen,1
seigering,1
afdrivning,1
smelt,1
slegtskabsviis,1
bergart,1
kaaber-erk,1
alkymist,1
berg-probereren,1
kattesølv,1
jordklump,1
fier,1
fieren,1
fiere,1
frøe,1
fugle-unger,1
selskabsviis,1
mineralogist,1
boepælsviis,1
blandings,1
inde-holdende,1
slegtskab,1
skabelses,1
forsamlings,1
bergvidenskabs,1
samlelsesmaader,1
anvendelsesmaader,1
lemlæstet,1
bergvidenskab,1
redusere,1
finaa,1
ufornemt,1
kunstblind,1
alderdomme,1
levendes,1
udstrød,1
bergfolkes,1
sveeds,1
udpræsselse,1
sølvgruber,1
udbragt,1
bergfiin,1
ordentligere,1
lægekunsten,1
afsauge,1
smelte-ovnen,1
æreløs,1
ord-dispytte,1
vildbanernes,1
grændse-skiel,1
grændse-skiels,1
grændse-kommission,1
kunstblinde,1
guldmagere,1
monademestere,1
metalliske,1
smeltekyndig,1
guldmager,1
abe,1
laxens,1
maneer,1
grundstøtter,1
elementers,1
efterladelse,1
efterligne,1
hiemmested,1
chymie,1
physik,1
probeer-kunst,1
vind-maskiner,1
verkredskaber,1
mineralogie,1
anseed,1
fornød,1
metaphysik,1
logik,1
magistre,1
bestilles,1
kirkesognet,1
fordølge,1
ertzens,1
bergverks-væsenet,1
udretted,1
hekker,1
buskverk,1
frugt-hauger,1
ubevægelig,1
grundfæstet,1
nedleggelse,1
høstfiskerie,1
opspringende,1
foranlediget,1
trækkegarn,1
noeter,1
daa,1
serna,1
reensdyrs-jagt,1
nordlænderne,1
strømfisk,1
kemi,1
nyebyggaarene,1
artsviis,1
præsidii,1
biestok,1
silkeormens,1
coecus,1
cochenille,1
kermes,1
bemøielse,1
opmerksom,1
perleskiellene,1
afføding,1
videnskabernes,1
akademie,1
besaaed,1
udziret,1
sogne-præst,1
selvindbildte,1
kymist,1
erfaredes,1
almags,1
sandig,1
guldstev,1
udsmelte,1
guldstøv,1
udspunden,1
tilsagde,1
guldhaltige,1
bestrebelse,1
ove,1
tragtede,1
tilbragt,1
forvandle,1
bekiendeskab,1
berigelses,1
kontrakts,1
igiennemseet,1
kymistens,1
formeenlige,1
anregnede,1
kontraktens,1
postes,1
underviis,1
berg-probeer-kunsten,1
huusmidler,1
veiledelses,1
sommers-tiden,1
landvaaninger,1
værdigere,1
januari,1
mennestet,1
matth,1
frugternes,1
visd,1
"16,26",1
sieles,1
aandelige,1
derifra,1
berg-proberers,1
ufuldstændig,1
forføres,1
omkomne,1
omskiftelse,1
villies,1
guldmagerkunst,1
bergmands,1
anviste,1
ps,1
95.4,1
guldmager-kunstes,1
jordart,1
græs-frøe,1
hauge-arbeide,1
svars,1
tvilling-rige,1
ompodning,1
blomster-knopper,1
engle-liv,1
allerønskeligste,1
manglers,1
forbedrings-midlers,1
anvendelser,1
nøiagtigere,1
høifornøden,1
vidtløftigheden,1
kammeralske,1
kammer-væsenet,1
omvei,1
træt,1
afgifters,1
overeensstemmelse,1
regels,1
hoved-maalet,1
forbenevnt,1
beffaffenhed,1
huusholdings-grund,1
spørsmaals,1
bemerkning,1
grundvolds,1
meddeles,1
tilsammentaget,1
land-regierings,1
fremskaffes,1
omfavnende,1
blomsters,1
frugtvirkende,1
uveir,1
tilstødende,1
zirat,1
fremvextes,1
befordrere,1
hender,1
ompodes,1
virknings-maader,1
bergverks-folk,1
hof-huusholding,1
udspiringer,1
brugernes,1
verkbrugere,1
blomster-knoppe,1
viisning,1
sammenknytnings-baand,1
hengivelse,1
forkynder,1
invaanere,1
sammenregne,1
udbredende,1
raadførelse,1
nestforanførte,1
plante-kunsten,1
1740,1
indkige,1
maanen,1
plætter,1
ostmiderens,1
magnetsteen,1
omdrives,1
havs,1
arsenik,1
demant,1
rav,1
herligste,1
omgivelse,1
porcelin-materie,1
hentet,1
vansiilsteenen,1
havvandets,1
sødt,1
forsteenede,1
berg-klipper,1
forhærdet,1
grube-drenge,1
smeltere,1
hyttemestere,1
hammer-smede,1
blikslagere,1
tapperste,1
sterkeste,1
omvelte,1
legemernes,1
leipzig,1
le,1
gemer,1
alvise,1
physica,1
scientia,1
naturalis,1
indeelt,1
jordkredsen,1
kammeral-huusholdning,1
adskildt,1
tildannelse,1
flintesteene,1
huusholdnings-kunsten,1
erfordrende,1
berg-væsenets,1
plante-væsenets,1
dyr-riget,1
dyr-væsenets,1
huusholdnings-kunstens,1
fordreven,1
omhugge,1
tykkeste,1
giennemtrænge,1
nærings-saftens,1
tilbøier,1
blomsterknoppe,1
stilhed,1
vemaader,1
snorrige,1
kritiker,1
fritankerne,1
anstrygning,1
provesteen,1
tankedunster,1
solestraalers,1
fordelelse,1
uformerket,1
indsniger,1
døds,1
liv-opholdende,1
blodløb,1
cometen,1
blander,1
balsom,1
profete,1
allerfarligste,1
himlens,1
sendebud,1
velmeente,1
kiøbenhavnske,1
laane-bankes,1
forudseende,1
skri,1
artige,1
spørsmaalenes,1
giørende,1
begyn,1
delses,1
fuldførelses,1
formerelses,1
vedligeholdelses,1
formodende,1
brngs-maade,1
laudets,1
misisipisk,1
compagnies,1
forlokkelse,1
vindelse,1
fritanker,1
opklækkelse,1
ord-forklarende,1
laane-banko,1
opkomne,1
tvivls,1
kammeralististke,1
kammeralister,1
sammenkomster,1
nestbemeldte,1
afbrød,1
spørmaal,1
opretted,1
indstrenket,1
overbevisende,1
nærings-saften,1
dyrkelses-maade,1
beqvemliggende,1
dyrked,1
rodspirernes,1
vert,1
bærende,1
nærings-safter,1
modtagende,1
danner,1
febre,1
opskyder,1
tykkelse,1
nærings-veies,1
rodens,1
overleverende,1
tildannede,1
ombytter,1
henfører,1
grenene,1
vandgrene,1
dæmpes,1
udvoxe,1
stormvindes,1
omstændighedcene,1
aabnelse,1
lemfældig,1
udlaan,1
tilgodehavende,1
udgav,1
banko-eiere,1
obligationernes,1
paalydende,1
christopher,1
jeltnæs,1
forhøjelses,1
giert,1
forvirrende,1
eiende,1
atvære,1
udlaante,1
iværksette,1
skibs-parter,1
kiøbmands-vahre,1
forklarede,1
forskrivelse,1
forskrivelsers,1
forskrivelserne,1
penge-beløb,1
indenlandsk,1
udgivende,1
skatte-gields-breve,1
allerletteste,1
bøsse-smede,1
grov-smede,1
uhrmagere,1
annis,1
farverøde,1
orlean,1
vrede,1
nødtørstigheder,1
overklæd,1
landjorden,1
blomster-teppe,1
beblandet,1
formænget,1
mirabilis,1
empfindtlige,1
mimosa,1
sovende,1
hymenæa,1
tamarinde,1
nepenthes,1
vandfulde,1
tilandsia,1
bedugede,1
drosera,1
nat-elskende,1
nycthantes,1
nat-pralende,1
cereus,1
morgenblomstrende,1
saflor,1
gyel,1
safran,1
kiørvel,1
senop,1
kardemomme,1
peber,1
muskatnødder,1
muskateblommer,1
timian,1
merian,1
basiliker,1
kapers,1
peberod,1
karse,1
svimme,1
kurkumeie,1
erholdt,1
læder,1
garverne,1
garver-bark,1
sumak,1
jordbærtræ,1
ege-pile,1
birke-bark,1
indigo,1
veid,1
engeskier,1
cestrum,1
honning-dryppende,1
melianthus,1
specerie,1
orchis,1
fluefangende,1
asilepias,1
pinna,1
marina,1
kannel,1
hollænderen,1
piso,1
matissa,1
aromat,1
hollændere,1
affalds-priis,1
melokatus,1
kaffe-træet,1
vitsen,1
practicerte,1
kaffe-sæd,1
forbjerget,1
fortrød,1
engelænderne,1
amerikanske,1
hovedgrunden,1
foreværende,1
natur-kundska,1
flueopvekkende,1
pind-svinlignende,1
vuluaria,1
elatrium,1
drakontium,1
anastatica,1
opsvimmende,1
valisneria,1
impatieus,1
hurra,1
klingende,1
hernandia,1
klagende,1
delphinium,1
plettende,1
arachis,1
gloriosa,1
lathyrus,1
rhizophora,1
forsølvede,1
forgyldede,1
protea,1
guld-prikker,1
prunkende,1
amaryllis,1
pralende,1
leonurus,1
høitravende,1
koriander,1
krydder,1
kaaber-smede,1
figen,1
umea,1
smaget,1
sohlberg,1
mineralske,1
suurbrønde,1
medevi,1
hverandet,1
qvægsølv,1
beskuelse,1
vismuth-ertz,1
ferila,1
erkiendt,1
bergmestere,1
ertzer,1
berg-verkerne,1
grube-drænge,1
landskaber,1
optagen,1
gedigene,1
sølv-stuffer,1
smelte-hytte,1
bergverkgrube,1
uagted,1
fieldene,1
berg-arterne,1
saltvandet,1
probereren,1
bergarterne,1
tilfører,1
klokkestøbere,1
gyrtlere,1
messingslagere,1
guld-smede,1
juvelerere,1
saltkaagere,1
teglbrændere,1
pottemagere,1
kalkbrændere,1
muurarbeidere,1
haandværks-folk,1
udvundne,1
hensendte,1
metallernes,1
ertzerne,1
fosteret,1
guld-ertzen,1
smaaland,1
bergmester,1
svabe,1
zink,1
galmey,1
rætvik,1
glindsede,1
tilberedte,1
maskine,1
secter,1
bærfrugter,1
meloner,1
agurker,1
vandmeloner,1
græskar,1
persiker,1
abrikoser,1
mandler,1
valdnødder,1
hasselnødder,1
daddeler,1
oliver,1
mispeler,1
sitroner,1
multebær,1
eikler,1
hindbær,1
morbær,1
heidelbær,1
blaaebær,1
tyltebær,1
brombær,1
rips,1
kaarsbær,1
viindruer,1
pommeranzer,1
granatæbler,1
pyragoræer,1
latuc,1
gymnosophister,1
tyranie,1
bevoxen,1
nydelighed,1
kryder,1
laduk,1
spinat,1
syrer,1
rapunzel,1
løvetand,1
asparges,1
jerga,1
qvæder,1
erteskokker,1
sellerie,1
petersellie,1
rødebeder,1
rediker,1
slangemyrderødder,1
havrerødder,1
pastinaker,1
gulerødder,1
kiernefrugter,1
pærer,1
naturkyndighed,1
kiole,1
kiolens,1
tilforhandlet,1
makreel,1
hummer,1
forefaldet,1
trævahrene,1
handelsmaade,1
159,1
willie,1
skovbrug,1
brugsmaade,1
fiskebruget,1
fiskerierne,1
uordentligste,1
ubesindigste,1
fiskenes,1
tilvirkning,1
fiskehandelen,1
nordenfields,1
160,1
fiske-leier,1
fissevær,1
jægteføreres,1
opjage,1
fiskeværene,1
jægteførerne,1
jægtefører,1
torsk,1
lax,1
havfisk,1
bræn-glas,1
skibsfarts,1
157,1
fremskaske,1
zirlige,1
forarbeidede,1
knappenaale,1
syenaale,1
klokker,1
skibs-ankere,1
magnetstene,1
speile,1
steentøi,1
opspises,1
uaabnede,1
uopsøgte,1
steenriges,1
forarbejdede,1
bielker,1
udenrigssteder,1
158,1
læge-urter,1
multe,1
tylte-bær,1
beroende,1
skudesnæs,1
jægteladning,1
vidensskab,1
indladede,1
fiskestæderne,1
sildenes,1
ga,1
hing,1
saltning,1
indkiøbte,1
salts,1
bødker,1
tønderne,1
163,1
skibsfragten,1
førselen,1
natmands,1
596,1
sildefiskeriet,1
sildevirkningen,1
sildehandelen,1
aarssag,1
næringsveje,1
vankundigheds,1
opbygget,1
164,1
bankundigheds,1
høistskadelig,1
dug,1
jægternes,1
jægteferernes,1
sildegarnene,1
ubekient,1
bedervet,1
modvind,1
ankomsten,1
arbeids-løn,1
161,1
udskibe,1
bedervede,1
belagt,1
strafpenges,1
sildevirkning,1
spotte-ordsprog,1
walles,1
fiskefolkenes,1
læsten,1
henkastet,1
natmandens,1
kule,1
silde-virknings,1
162,1
naade-gave,1
havgrunde,1
norste,1
havbreder,1
fiorder,1
omdeelt,1
ombyttet,1
fiske-vahre,1
tilbageførende,1
firavelsom,1
salpeter-skatters,1
bekiendtgløres,1
afen,1
fæavl,1
tilforpligtet,1
forlob,1
vr,1
skattejkyld,1
skatteskylds,1
teskylds,1
fyrstendømmene,1
finmarken,1
fieldgaarde,1
fields,1
ferroerne,1
jværksette,1
forsi,1
undersogninger,1
crholdende,1
krudtværkerne,1
apotekerne,1
tart,1
bedrageris,1
lektelig,1
künde,1
muligheden,1
genfinde,1
147,1
befordringsmiddel,1
berggruber,1
ferrøerne,1
mtin,1
1oo,1
bergs,1
1756,1
forhøjet,1
paaføres,1
171426,1
6/7,1
je,1
forvar-huse,1
værkets,1
konge-vand,1
skedningens,1
førsel,1
engemarker,1
støkkersprængte,1
steenbroer,1
vandrender,1
landeveienes,1
opmuring,1
ubenævnt,1
kristallerne,1
hullede,1
sexkanter,1
europeerne,1
forhøie,1
verdien,1
hollændernes,1
udrydning,1
154,1
skrøbelighed,1
frugts,1
arabien,1
kaffe-handel,1
europeernes,1
oplukt,1
naturligvis,1
land-eiernes,1
eiendommelig,1
155,1
modtvillighed,1
fordeels-veie,1
opklækker,1
trivelig,1
opklækkes,1
høistnødvendig,1
kraftefulde,1
ildbrændsel,1
156,1
verdies,1
153,1
pillesormed,1
ytre,1
kæd^et,1
saltvand,1
burene,1
salpeter-skatten,1
salpeter-avlingens,1
salpeter-virkningen,1
salpetervirkning,1
iværksettelses,1
antals,1
151,1
næstforbemelte,1
hoved-indhold,1
engelændernes,1
forsæts,1
fremføres,1
fremsættes,1
uimodsigelige,1
152,1
speferie,1
affalds,1
arabiens,1
kaffe-handelen,1
kaffe-sædens,1
udsnigelfe,1
beduggede,1
omveltet,1
opholds-sted,1
bevandt,1
fjorder,1
fradrog,1
grundlinier,1
skikkelses,1
stigende,1
ligevægts,1
forlængede,1
øst,1
jordbakkes,1
klippes,1
fjelds,1
højde,1
183,1
hoveddele,1
land-tegninger,1
overfladens,1
ladepladser,1
fiskelejer,1
skibshavne,1
dagbygninger,1
smelte-hytter,1
virknings-værker,1
bonde-byer,1
buske,1
lynge,1
flad,1
jordbakker,1
grundplan,1
merkeskiels,1
undersøgnings-arbeide,1
vinter-forretninger,1
181,1
rejsetiden,1
fremog,1
landstrekning,1
fiirkant,1
aftegning,1
omkredsliniens,1
anmerkes,1
nedsættende,1
merkeskielstegnet,1
landstræknings,1
geiger-linie,1
mærkeskiels,1
indhugne,1
liniens,1
hoved-linier,1
182,1
næstforbemelt,1
mærkeskielstegn,1
evigvarende,1
opmaalingens,1
grund-tegning,1
moseog,1
skaldede,1
berg-tegninger,1
tjenerkamre,1
feldt-senge,1
187,1
berg-boerer,1
berg-sprængnings,1
skeidnings,1
probeer-ovn,1
bergprobeer-redskaber,1
medtagende,1
november,1
vaaninger,1
sængekamre,1
188,1
forretnings-stæderne,1
forsamlings-værelse,1
holbelse,1
fornødneste,1
efterlignende,1
skilderier,1
arbejdsværelse,1
probeerhuus,1
opløselse,1
destilleer,1
driv,1
smelte-ovne,1
tilbagerejser,1
teller,1
gjordes,1
185,1
navnes,1
berg-arternes,1
fjeldstenens,1
184,1
forsamlings-steder,1
beskrivelsernes,1
tegningerne,1
firkantet,1
ovadrat-mile,1
næstbeliggende,1
fjeldenes,1
opnaaende,1
telter,1
undersøgningen,1
optegnes,1
forsattes,1
optegningers,1
beskaffenhedernes,1
indpakning,1
186,1
vejerligets,1
vejerlig,1
vandene,1
regnvejerlig,1
berg-arbeide,1
skole-forretningerne,1
32te,1
berg-proberingen,1
169,1
neral-forst-amts,1
sidstbenævnte,1
førstbenævnte,1
erfaringen,1
forst-amt,1
1747,1
general-forst-amt,1
bejamre,1
skatkammer,1
iværksættelserne,1
huusholdingsvæsenet,1
fremskaffede,1
landstrækningers,1
slæders,1
feiet,1
samlings,1
villigt,1
eng-jord,1
høeavl,1
skov-jord,1
fordeelagtiq,1
opklækket,1
vandbekker,1
hielpemidlerne,1
opmuntrede,1
udviste,1
underviselse,1
statsmordere,1
165,1
vandkundighed,1
næstforberørte,1
indholds,1
udgyde,1
veis,1
banelse,1
behøvtes,1
kollegier,1
domstole,1
medholdelig,1
undertrykkende,1
erhværvede,1
qvælelse,1
hvllken,1
skade-ild,1
frembydelse,1
167,1
nærekilders,1
frakommende,1
168,1
forst-amts,1
destohastigere,1
skovvæsenet,1
anstalters,1
ubedragelig,1
172,1
professorerne,1
kundskabs-kilde,1
igiennemgaaet,1
skole-lære,1
latinske,1
tegnekunsten,1
flutte,1
bevandre,1
søe-reiser,1
befare,1
veslige,1
178,1
omskiftelses,1
hændelsers,1
personernes,1
179,1
forstander,1
grundlovs,1
undervlisuing,1
huusholdingskunsten,1
bogstavelige,1
land-maaler,1
land-opmaalingen,1
bygnings-kunsten,1
180,1
virkningers,1
modellers,1
foretagelse,1
175,1
hendelseviis,1
heftes,1
173,1
forarbeidende,1
regnstabers,1
174,1
oplærende,1
beqvenime,1
hændelseviis,1
oversiade,1
vand-grunde,1
jordarters,1
skiønsomste,1
foklaringer,1
vandfald,1
havne,1
huushol,1
dingsmaader,1
vorende,1
forfattedes,1
nøiagtigste,1
176,1
læreres,1
bøgers,1
146,1
krudt-verk,1
vindens,1
velgierningers,1
synde,1
vilie,1
sønlige,1
betiening,1
naadestanden,1
oversettelses,1
eftertragtelse,1
styrkes,1
ledsages,1
efterfølge,1
røverie,1
115,1
keiseren,1
keiserens,1
befæstning,1
frelsere,1
overveiende,1
naade-frelse,1
troende,1
ordspr,1
overgivende,1
sulle,1
afslaaet,1
frembære,1
beskiermer,1
mennefte,1
trange,1
omvendelse,1
avlelse,1
hoveders,1
paalægget,1
overskrides,1
vandsmægte,1
tillukker,1
nærcmidler,1
forødende,1
pligtmæssige,1
indtægters,1
grændsernes,1
overskridelse,1
fødsels-tiden,1
114,1
lidelseviis,1
engod,1
gudhengiven,1
velskikket,1
hierters,1
medføde,1
opfødelses,1
oopdragelses,1
bøie,1
forværrelse,1
ders,1
betalende,1
nødtørftighed,1
udredelse,1
anførelse,1
velgiermingers,1
spædeste,1
manddoms,1
rekker,1
uforfalskede,1
spidses,1
almægtigste,1
naadefulde,1
konge-stam,1
faderligste,1
gradeviis,1
oplives,1
lydagtige,1
veiledes,1
fremtrække,1
nære-safter,1
virkningsmaaders,1
haandverkers,1
istandsettelse,1
velindrettet,1
brøst,1
forsyned,1
tilvorende,1
121,1
overgivelse,1
allerypperligste,1
117,1
disciple,1
igiengieldelse,1
tilbereder,1
erfordres,1
forevidenhed,1
kiøbmandskab,1
næremiddel,1
handelsmandens,1
forskrivende,1
vahrers,1
udarmelse,1
118,1
hunsholdings,1
konge-stamme,1
førelses,1
styrtes,1
fordømmelse,1
nydende,1
fortærelse,1
rigdommes,1
stiftelses,1
forms,1
fuldkommenheds,1
efterlignelse,1
enevolds,1
tægters,1
anlokkes,1
bædre,1
ledsagelse,1
sammenværelse,1
indtrængelse,1
ubegvem,1
mellemmagt,1
opstaaer,1
fordærver,1
fornøielig,1
sorrigfuld,1
vederqvægelse,1
renselse,1
uddampnings,1
befording,1
vederqvægelses,1
beredes,1
bert,1
dyrkningen,1
beundringsfuld,1
snubler,1
udrekke,1
aarvaagen,1
anfanger,1
senerne,1
aarerne,1
ombærer,1
uddeler,1
"menneskeslemmer,med",1
sammenholdt,1
udelukt,1
regninger,1
udvandrer,1
forgiftig,1
henvendelse,1
tænkekrafts,1
knnstens,1
kammeral-oeconomie,1
læmiæstelse,1
kammeral-huusholdingen,1
kammer-regninger,1
overslag,1
paabudsmaader,1
skolerne,1
rimmelig,1
overslagsmaade,1
misregning,1
udgivt,1
5738,1
almanakkerne,1
bortgaaen,1
indbetle,1
tilveie,1
klækkelig,1
herrers,1
kammeral-huusholding,1
opvartnings,1
paaklæder,1
deilige,1
medbefordrer,1
tindingen,1
haandværksfolk,1
sammenværelses,1
igiennemvandre,1
omløbsveie,1
meddelelse,1
vantrives,1
kraftesløshed,1
tilvirkninger,1
tilvirkede,1
behøvde,1
omløb,1
læges,1
indtrænger,1
valdpladsens,1
helsen,1
paafølger,1
besvimmelse,1
nedfalds,1
træn,1
blodløbet,1
slag-sygdom,1
magtefuld,1
magtefulde,1
knuses,1
støds,1
føielig,1
føddernes,1
gelses,1
ordenslige,1
styrende,1
sener,1
puls-aarer,1
magts,1
handelsstandens,1
tæer,1
omflytte,1
søvne,1
blødt,1
nedtrædelse,1
overvold,1
drikke-huse,1
egennyttig,1
blødheds,1
egennyttigheds,1
nydere,1
agtpaagivelse,1
ubrydelige,1
stridsfolkene,1
hurtighed,1
aftørne,1
fienders,1
øverffydende,1
uddelt,1
vejrligets,1
forsømte,1
sauge-spaaner,1
halvdelen,1
kalk-jord,1
leerarterne,1
leerarter,1
prøven,1
salpererfødende,1
jevnblandet,1
kue,1
blandes,1
trug,1
140,1
salpeteravlende,1
udludes,1
salper,1
indblan,1
fedelse,1
træ-aske,1
nestforbemelte,1
røres,1
befugtet,1
salpeter-jord,1
141,1
pad,1
indlægges,1
139,1
urtehauger,1
afluges,1
uddunster,1
fortielses-skat,1
forbudets,1
opdagelsen,1
skedte,1
dyrkelses,1
pher,1
belovet,1
salpeter-skats,1
næstforegaaende,1
138,1
spiritus,1
uddamper,1
indkaster,1
plante-mulden,1
udspirer,1
felder,1
formerkes,1
nedlægger,1
forener,1
fremsettende,1
heed,1
stormvinde,1
forraadnede,1
skeengierde,1
opreises,1
udskud,1
halmeller,1
144,1
dryppes,1
tintallerken,1
styrkner,1
kolt,1
styrknede,1
sexkantede,1
afhelder,1
tilbageværende,1
kaagendes,1
befugte,1
fodende,1
afffylle,1
ffeer,1
omkaagende,1
moderluds,1
opspædning,1
afskylt,1
tørket,1
glaseret,1
salpeterverker,1
tilsammenfanke,1
befrugte,1
145,1
sirkelgang,1
made,1
igiennemsining,1
bord-tag,1
hulled,1
udeholde,1
regnvand,1
indlukkes,1
steengierde,1
deroven,1
flettede,1
derigiennem,1
salper-hytten,1
142,1
tvertigiennem,1
indlagde,1
rummes,1
sier,1
indlegges,1
træaske,1
fyldes,1
karret,1
143,1
gendes,1
træstok,1
omrøring,1
afflaaer,1
aftapper,1
luden,1
137,1
gaards-eiere,1
uundaiengelig,1
opryddet,1
restanse,1
nærer,1
næremaade,1
utilstrekkelig,1
drengebarn,1
suult,1
begiver,1
fortienende,1
126,1
hensøger,1
udhavne,1
antreffes,1
oversettes,1
strie,1
ræveskind,1
skindenes,1
alterens,1
sacramente,1
127,1
anvente,1
ers,1
bemelie,1
midddelviis,1
træd,1
tiltraad,1
mislykke,1
125,1
reve,1
drænge-børn,1
kammeral,1
hunsholdings-kunst,1
reglerer,1
122,1
afpræse,1
afpræsning,1
ynkværdig,1
indsluttede,1
baned,1
exempelviis,1
fieldbøygd,1
123,1
fæller,1
høver,1
midlers,1
anskaffelse,1
dagl,1
drængebørn,1
124,1
smaler,1
huusarbeide,1
slagtnød,1
fieldet,1
fanges,1
beholdelse,1
personelle,1
ridsdalers,1
135,1
myre-lyng,1
mose-marker,1
dyrkningsværdig,1
jordgrundes,1
mid,1
134,1
formaa,1
grund-eierne,1
hvorpåa,1
grundeier,1
erindrings-skat,1
ægtemand,1
forøgedes,1
pløietider,1
kostens,1
svarte,1
leve-tid,1
stilles,1
opbydelse,1
136,1
tilforladelige,1
gaards-eier,1
paa-buddet,1
tingbogen,1
næremidlcr,1
133,1
128,1
fieldbøigder,1
næringspladfens,1
huusmands-pladsens,1
bortkomne,1
værves,1
stridsmand,1
pladses,1
udregnet,1
129,1
føies,1
huusvilde,1
landflygtiges,1
overalmindelig,1
opmaalings,1
overalmindelige,1
personele,1
130,1
dal,1
rente-kammerets,1
kammeral-hunsholdingen,1
kammeralhuusholdingen,1
131,1
forbedrings,1
dring,1
anvendelses,1
bygnings-materie,1
begierligheders,1
løste,1
bekosteligste,1
skienkede,1
skrive-friehed,1
indbydes,1
sløv,1
styret,1
mærkes,1
jure,1
principum,1
statuum,1
sect,1
machiavelift,1
hobefianer,1
forholds-regler,1
salus,1
populi,1
suprema,1
esto,1
bequæmmeste,1
soliditet,1
ærefulde,1
mm,1
angivet,1
philopatreyæ,1
militaires,1
forsvares,1
visdom,1
forarges,1
anbragte,1
fuldmyndig,1
princips,1
decedit,1
illis,1
detrahitur,1
stats-regel,1
ensvit,1
gyldigt,1
fortsætter,1
bekræftelse,1
minorennitet,1
majorennis,1
uskyldigen,1
beklagelses-værdig,1
strasværdige,1
beneficia,1
ministerne,1
langtfra,1
opkaste,1
betenkninger,1
overskredet,1
stutte,1
behages,1
underdamghed,1
velbehag,1
gavnligst,1
300000,1
fæste-conditioner,1
ißige,1
besværger,1
unyttigviis,1
afskummet,1
troeløse,1
værvere,1
besnærede,1
luns,1
beleire,1
troppers,1
gazetier,1
mechlenborg,1
stoede,1
udlændighed,1
hidhensigtende,1
rarheds,1
hvervet,1
fræk,1
compagnie-chef,1
deserterer,1
arquebuseret,1
capitain,1
officeer,1
meenederie,1
land-armee,1
svækked,1
lediggiengere,1
landmagt,1
oprætte,1
roeligheds,1
musselmænd,1
omskandset,1
omgierdet,1
conjunturerne,1
monarchist,1
beboed,1
omgivet,1
rættelig,1
menageres,1
offensiv,1
pretensioners,1
undgaaer,1
guaranteret,1
jalousie,1
uhævnet,1
overfalde,1
raaderum,1
udenlansk,1
puissance,1
formeene,1
conjuncturer,1
præ,1
tendenters,1
categoriske,1
cuivis,1
enim,1
tantum,1
pertinet,1
bekræfter,1
sandheders,1
nægtelse,1
revolutioner,1
staternes,1
forventelse,1
vindigge,1
handled,1
fuldmagt,1
grebet,1
frelse-middel,1
andragne,1
formændene,1
fallit,1
republiqver,1
wenedig,1
genua,1
algierer,1
tuneser,1
frie-rigs-stæder,1
keysren,1
handels-mændene,1
rædelighed,1
maintenere,1
contraherede,1
skriften,1
fortindtlighed,1
udtrykte,1
allerdyrebareste,1
mundtlige,1
overlagte,1
næppe,1
rædde,1
ræddes,1
fulkommen,1
rættes,1
grotii,1
usufructuarius,1
arver,1
eyes,1
uskatterligste,1
feiltagelser,1
cienodie,1
favorit-meening,1
regiære,1
anvændelsen,1
bragede,1
regient,1
indsluttet,1
bifalde,1
andvændt,1
væget,1
befat,1
gieid,1
forsætlig,1
privat-eiendom,1
severe,1
declarerede,1
bortfalde,1
grundlovene,1
confirmerede,1
garanderede,1
allerømmeste,1
auctoritet,1
byrd,1
buddæus,1
acta,1
decreta,1
sancte,1
dolus,1
tueatur,1
nectemere,1
convellat,1
nec,1
omittat,1
qvicqvam,1
qvod,1
suorum,1
auctoritatem,1
venerationem,1
augendam,1
malus,1
illtio,1
vellyster,1
tractaten,1
feyltrin,1
stræger,1
ministres,1
medarbeidere,1
medvidere,1
forargelige,1
exciperes,1
imo,1
grundlove,1
monarchiet,1
11do,1
negotiationer,1
statister,1
tractater,1
staterne,1
dependerede,1
thron-følgers,1
caprice,1
tractats,1
ratificaction,1
tiltrædende,1
traktaten,1
aarsa,1
mistillid,1
værvinger,1
forlægne,1
recrutere,1
billie,1
gryfter,1
nænnes,1
orer,1
underhold,1
mark-vogter,1
fleestes,1
favn,1
agerlandet,1
auels,1
bruget,1
præference,1
qvadrater,1
fee,1
tagt,1
stuppe,1
uigiennemtrengelige,1
tiørnen,1
døder,1
foster-moder,1
udhukkes,1
sur-skov,1
aunbøg,1
styvnes,1
skov-plantning,1
soumission,1
fold,1
beplantede,1
udeholds,1
afkappede,1
bestiermelse,1
giersels,1
tørve-lungenes,1
opskiærelse,1
udtømmelse,1
opvaagner,1
døsighed,1
provinze,1
herudiviist,1
vanskelinheder,1
frygtes,1
træeplanteren,1
provinzerne,1
skovlevninger,1
oyemaal,1
eftertrykkelig,1
forestrevne,1
tiørnegierder,1
vidie-træer,1
kornmarker,1
gierde-skilsmisse,1
bevogtes,1
græsgangene,1
hiemfødninger,1
confunderet,1
tragiske,1
bonde-plager,1
stillede,1
enroulleres,1
presentation,1
udtagelse,1
sogns,1
session,1
tilgivne,1
officiers,1
tienstdygtigste,1
regardere,1
indtræde,1
udtagen,1
forløves,1
undkomme,1
værvede,1
lægden,1
eviteredes,1
haanlig,1
hamen,1
ærestand,1
rekruteringen,1
odieuse,1
velferd,1
fristelse,1
extorqvere,1
bonde-mandkiøn,1
fingere,1
betinger,1
fæste-contractens,1
unaturligt,1
betreffer,1
fæste-contracten,1
retfærdiggiøre,1
anselige,1
vaarne-stand,1
vaarne-rettigheden,1
despote,1
indbildet,1
trælbaarn,1
fæste-forpligtelse,1
herredomme,1
hetydet,1
udødelige,1
friderico,1
4to,1
tienestens,1
paakrævede,1
mandstab,1
fæste-bondestanden,1
despotisme,1
mishage,1
connexion,1
voge,1
tjørnens,1
ashuggede,1
infanterie-regiment,1
riisbøg,1
fornøyelig,1
militair,1
søndags,1
eftermiddagene,1
direktion,1
skive,1
tilvante,1
gevæhr,1
encouragerede,1
land-værn,1
ubeqvæm,1
monarchen,1
schweitz,1
oplivet,1
sverdet,1
cimbrer,1
gother,1
aris,1
focis,1
land-armeen,1
søe-magten,1
værn,1
bestaar,1
flode,1
besparelse,1
divisions-samling,1
forsamle,1
ønskværdigt,1
gevorden,1
artilleri-corps,1
reduction,1
titus,1
velgiører,1
klækkeligt,1
forklaret,1
bonde-mandskab,1
enrolleres,1
infanterie,1
regiment-viis,1
annecteres,1
lægs,1
exercer-pladsene,1
cantonnerings,1
qvarterer,1
mynstring,1
føde-staun,1
jurisdiction,1
afgaaende,1
anciennitet,1
land-magt,1
oprættes,1
indrækning,1
enrollerede,1
søe-officers,1
søefolk,1
gieids,1
solet,1
efterslægten,1
beskæftigelser,1
patrioters,1
landlevnet,1
efterflægten,1
salige,1
skarpsigtige,1
lutherus,1
træe-mangei,1
jordclodens,1
nordre-pol,1
regenteres,1
alten,1
fredning,1
plantelse,1
fahre,1
desuagted,1
skov-eyere,1
necant,1
alteri,1
noceant,1
skovmordere,1
ælle,1
aun,1
profunt,1
serit,1
vigligt,1
vexsel-coursen,1
beholdne,1
anvist,1
velment,1
afdrag,1
hazart,1
assignation,1
actie-breve,1
uddra,1
banquen,1
actierne,1
creditorernes,1
banque-interesse,1
poeten,1
rænte,1
vexsel-coursens,1
interresse,1
pardon,1
genereuse,1
aabenhiertet,1
oplofter,1
vederfaret,1
publique,1
værdigt,1
humble-hauger,1
bondløs,1
hovedkuls,1
ræd,1
bedragelig,1
formuede,1
forhøyelsen,1
fordyrelse,1
forhøyed,1
fabriqueur,1
bager,1
viin-told,1
skræder,1
skomager,1
peruquemager,1
forhøyer,1
levemanden,1
anlæggene,1
varene,1
kostbarheden,1
faas,1
indkiøbt,1
forhandet,1
negotianterne,1
kiobstæder,1
skibsfragt,1
losse-penge,1
arbeids-penge,1
pakhuus,1
anlæggere,1
toldforhøyelse,1
porcelains,1
klæde-vares,1
lybeck,1
sæbesyderier,1
tobaks-plantagier,1
introduction,1
sræder,1
forarbeydet,1
ordinare,1
drikke-vare,1
føde-vare,1
østersøen,1
omtalt,1
landskyld,1
compagniet,1
tilveyebringer,1
tørede,1
uskadelige,1
villigheden,1
mee,1
leverancer,1
gui,1
nea,1
rer,1
etablissementerne,1
jslandske,1
østersøeske,1
tienstefolk,1
tømmermestere,1
muur,1
sammensat,1
levnetsmidierne,1
fordyres,1
netsmidlerne,1
ommeldle,1
kobber-arbeyde,1
giortler-arbiede,1
males,1
arbeydsløn,1
forarbeyder,1
sammensættes,1
mindstbekosteligste,1
giortler-arbeide,1
ling,1
ligssaa,1
kobber-arbeide,1
male,1
forarbeides,1
anlegget,1
hoved-posterne,1
forarbejdendes,1
haandværksmester,1
for-deel,1
opløber,1
qveg,1
fabriqverede,1
av,1
snedkere,1
fabriqveur,1
glarmestere,1
malere,1
skomagere,1
peruqvemagere,1
bødkere,1
vafferpiger,1
syepiger,1
anleggerens,1
svenne,1
handterings,1
bagatellerie,1
fabriqvere,1
farveren,1
magerier,1
beendreyerier,1
garverier,1
feldtbereeder,1
handskemager-værker,1
arbeydernes,1
bortselges,1
vadmel,1
stampemøller,1
præsser,1
overskiærere,1
oliemøller,1
angeneem,1
tilkiøber,1
didfores,1
kirkelofterne,1
indril,1
ormene,1
henlegge,1
indfalt,1
kornhandleres,1
politesser,1
købe,1
hoved-aarsager,1
nærings-brug,1
kiober,1
priiser,1
nærings-midlerne,1
håndteringer,1
afstædkomme,1
overdaadighev,1
tilden,1
opkiøbt,1
uforbigængelige,1
nødven,1
oetroy,1
tillat,1
pilarer,1
"vare,som",1
dannemak,1
heregaarde,1
rumme,1
giemte,1
societeters,1
embedsm,1
afvey,1
beskyttes,1
forbude,1
fortænker,1
udladt,1
overtrædes,1
beriige,1
flestes,1
eendeels,1
udviides,1
octroyers,1
indførselens,1
uddeelelser,1
forunder,1
societets,1
efterkommes,1
tilskrides,1
forbuddene,1
fraadserie,1
forbuds,1
fæde,1
indførsels,1
fornyet,1
forvandles,1
potteskaar,1
kuude,1
tienstepige,1
sukkeret,1
øllet,1
udbringende,1
rigrig,1
toldfriehed,1
caffe-bønner,1
bom-uld,1
tobaks,1
hidført,1
beklageligere,1
aft,1
standsning,1
chieneserne,1
collonier,1
kager,1
consideration,1
fortienste,1
oplegge,1
omrørt,1
omvexles,1
told-roullen,1
omvexlingen,1
viiner,1
fiskevare,1
stantsning,1
curiositet,1
provision,1
klædes,1
indbringelse,1
nærings-midler,1
tydffland,1
debiteres,1
afhandlig,1
understøtter,1
stads,1
fordeelaztig,1
opflides,1
sønderflaaes,1
qvindes,1
håndværks,1
utrængende,1
tienstepiger,1
feye,1
feyekoster,1
steen-toy,1
vinderved,1
fordee,1
limod,1
inhentere,1
manne,1
desmindere,1
faaledes,1
fedevare,1
sole,1
curtio,1
betjening,1
garnison,1
ustadelige,1
staf,1
nedfaldelse,1
ste-der,1
landeplage,1
befordrede,1
håndværk,1
uven,1
håndværker,1
rettigheden,1
uberettigede,1
ødeleg,1
levemandens,1
handværksmænd,1
handsker,1
kamme,1
beendreyer,1
garver,1
bereedte,1
kaardeklinger,1
canoner,1
bøsser,1
giørtler,1
kaabber-arbeyde,1
værtshuusmænd,1
bogtrykkere,1
handvæksmænd,1
dyretid,1
slumpelykke,1
ansøgninger,1
velstanden,1
uviis,1
leves,1
udvælges,1
bevilges,1
importable,1
flankere,1
borgerstand,1
spores,1
deputater,1
z,1
levners,1
underholdnings,1
extra-skat,1
ønskende,1
fædevare,1
brændeviine,1
forarbydende,1
afsatz,1
grues,1
forskrækkelig,1
bestillings-mænd,1
lauge,1
villiens,1
henlagde,1
krager,1
discourser,1
tourneret,1
trykfriehed,1
lokket,1
trojæ,1
stridsmænd,1
vanskabte,1
fuldbaarne,1
prophetiske,1
nattergale,1
sangere,1
nat-ugler,1
forvel,1
rov-og,1
morder-fugle,1
udklækket,1
skyggefulde,1
bespottelige,1
roesværdige,1
philodan,1
torckil,1
rætskafne,1
aderligheder,1
marco,1
gemyts-fatning,1
adelskab,1
arbeyds-løn,1
frievillige,1
fabriqer,1
hospitals,1
underholdnings-midler,1
spiise,1
underholdningen,1
hendtes,1
tugthuusene,1
stiftningen,1
bræk,1
indsættes,1
fattighuse,1
anleggerne,1
critiqver,1
soutenere,1
emplojeres,1
negotiens,1
bønder-gaarders,1
brændevins-brænderiet,1
huusfeld,1
høpffner,1
directeur,1
avertissement,1
umodne,1
udførlige,1
foretninger,1
proclamationer,1
henligge,1
trættekiærhed,1
overveies,1
nedrive,1
fiskeparker,1
fiske-yngelen,1
skov-anordningen,1
ødeliggelse,1
skov-forordningen,1
suuipagtige,1
omhyggelige,1
nydes,1
completerede,1
hovedgaards-taxterne,1
ucompleterede,1
taxter,1
forsvert,1
holt,1
stalder,1
producerer,1
bøn-bønderne,1
kougens,1
inskaar,1
staldningen,1
aftærske,1
udførs,1
stalds-oxen,1
giødske,1
møg,1
markjorder,1
guineserne,1
stjæle,1
kromænd,1
admirerer,1
intraderne,1
sønderslaget,1
næringsbrug,1
brændeviinet,1
bermen,1
fedet,1
provincirne,1
ister,1
flidder,1
udside,1
guldbiergene,1
udhugger,1
indførtes,1
udførtes,1
værket,1
moderetion,1
formeerer,1
betænkelige,1
hovefrie,1
træld,1
ubarmhiertig,1
usagt,1
beskiermes,1
uforbigiengelige,1
studeres,1
studerin,1
liderie-kiolen,1
huusbonds,1
pigernes,1
ærender,1
anvent,1
uanstændigt,1
urettelig,1
vanærer,1
tilsidesætter,1
studerede,1
fortun,1
bekientskab,1
reusere,1
recommendationer,1
capacitet,1
bekiendskab,1
vendtes,1
sufficence,1
oppebærges,1
vederhæftige,1
vederhæftighed,1
uklækkelige,1
justiz,1
recommedation,1
regnskabs-betientere,1
handthævelse-enhver,1
removeres,1
interesses,1
høitagtede,1
bestillings,1
utroe,1
forsømmelige,1
justitiens,1
keede,1
demiterede,1
forseelsen,1
vankundige,1
dubieuse,1
dishoneur,1
justistseller,1
erlanger,1
huld,1
ferm,1
omgiengelig,1
annimerer,1
anholder,1
øvet,1
opholt,1
bestillinger,1
ikknn,1
oplært,1
soldaterstand,1
indgaaes,1
besmykkede,1
ninger,1
trafiqverende,1
tilbragte,1
capitalerne,1
misbillibilliger,1
philopatreia,1
landdyrknings-maaden,1
anstøds-steen,1
kroe-forpagtere,1
brændevins,1
brænden,1
biefald,1
stormægtigste,1
foreningsbaand,1
med-indvaaneres,1
benævnelsers,1
grund-materialier,1
kundskabers,1
erværvelse,1
næstbemeldte,1
lejligheds,1
givelse,1
nedgrave,1
forjettelse,1
naade-gavers,1
raadgiver,1
compagnier,1
residencen,1
opstaldes,1
proprierairer,1
afmeye,1
huusholdings-maade,1
afskaf,1
felse,1
fyhnske,1
plagerie,1
reglere,1
høypriselige,1
besaaelse,1
knyttet,1
opløset,1
forraads-kamre,1
storegaarde,1
veyvisere,1
understøttere,1
forsvarere,1
siettere,1
tiltroer,1
mangels,1
antoge,1
sædegaarders,1
vandtes,1
overveyede,1
opstaldning,1
anviisningers,1
allerunderdanigst,1
hoverie-contract,1
insinuerende,1
anvisende,1
fremsettelser,1
mellemsettende,1
forestillings,1
bildninger,1
hentydende,1
stem,1
uvidenheds,1
udskrivelser,1
raritet-kamre,1
udledende,1
slutnings-grunde,1
berg-verks,1
opholds-steder,1
stuffe-kabinetter,1
sammenkittede,1
sammenstøbte,1
tingerede,1
modflydende,1
jordgrundenes,1
virknings-midler,1
vexter-huse,1
kakkelovns-gemakker,1
opklækken,1
langtfraliggende,1
afbildende,1
forestillende,1
skrivemaaden,1
daarskab,1
decembr,1
allerunderdanigste,1
pligtforbundneste,1
tænkemaadens,1
hoved-grunde,1
naadens,1
domstæd,1
spot,1
smykke,1
dyds,1
falskheds,1
opvekkes,1
fordøielig,1
tilfældes,1
selv-bestemte,1
forudsatte,1
grtændser,1
menings,1
sparsomlighed,1
meningens,1
udtrykt,1
brugs,1
stilen,1
meningerne,1
fyhnsk,1
jydsk,1
aftærsker,1
afmeyer,1
qvæg-mangel,1
herred-viis,1
ungefæhr,1
velbekiendte,1
øyekast,1
udstaaet,1
bestyrke,1
nøyagtige,1
ungt,1
brændeviins-mænd,1
skilles,1
stam-qvæg,1
reelle,1
aagre,1
vinde-syge,1
særskildte,1
land-dyrknings,1
opsøges,1
jordfrugters,1
skovs,1
competente,1
anledeiger,1
tilfældelige,1
hovbøndernes,1
jorddyrkernes,1
qvie-kalve,1
stammehold,1
tilseer,1
paaholdende,1
qvægs,1
cuur,1
hornqvuæget,1
allersvageste,1
overstaaer,1
allerstærkeste,1
anfægtes,1
udstaaer,1
rimeligheden,1
opdagede,1
vonde,1
sygdoms-qvæg,1
indkiøber,1
overstaaet,1
skildt,1
seenere,1
tillæget,1
stam-qvæget,1
anskaffet,1
uddødt,1
addresse-avisen,1
stkr,1
køers,1
inoculeres,1
henog,1
hiemfart,1
vaaget,1
feylene,1
dyrkningsmaaden,1
utroeligt,1
bonde-plagere,1
ligegieldende,1
bemærkelser,1
bedømt,1
uarbeydsomhed,1
hiembringe,1
umaadeligheds,1
ladene,1
klidden,1
maaltider,1
frakiørende,1
forlegenbed,1
utroelige,1
froekost,1
daure,1
halvgaaen,1
rætter,1
soves,1
midaftens,1
nadvere,1
nedgang,1
spiisning,1
frie-bonden,1
forarmer,1
udvene,1
gehør,1
gemeenligt,1
mangfoldigt,1
avlingers,1
indknebne,1
angrændsende,1
jyllands,1
skarpe,1
herre-gaard,1
udmaalet,1
forvoldte,1
ansøgningen,1
jorddeeling,1
kiøbstæd-reyse,1
tilbuddet,1
forgik,1
ærinde,1
hovnings-byer,1
sanddruehed,1
udmærket,1
prænt,1
penge-roullancen,1
nærings-veyene,1
comanter,1
opstalde,1
hidbragte,1
selvfornemmende,1
formerende,1
allerlyksaligste,1
ypperligt,1
virknings-middel,1
brugendes,1
fremstiller,1
øines,1
udtrekkes,1
hierteblod,1
anlegger,1
underste,1
nedflydende,1
straaler,1
damps,1
klogskabs,1
forglemmelsens,1
allerfarligst,1
tilfelleds,1
tørvemoeser,1
veierlig,1
usynlig,1
taaget,1
fremviselse,1
matbrændende,1
vinduer,1
afbilder,1
vandrende,1
bogtrykker-pressen,1
danned,1
begvemmere,1
formørkelsen,1
rebareste,1
majestætiske,1
munterste,1
førhænge,1
trettedes,1
formørkelses,1
skinnende,1
trængede,1
omringende,1
tilegnede,1
forhængene,1
soels,1
fornam,1
befattede,1
uegennyttig,1
strar,1
protecterende,1
landhuusholdings,1
skieve,1
tilsides,1
afragelse,1
tungers,1
løgnagtige,1
opdigtelser,1
ueftertænksomme,1
forvildes,1
kys,1
regelmæssig,1
steenkul-gruber,1
syrlig,1
oliagtig,1
luft-salt,1
forened,1
forrebygge,1
fornemmende,1
uddunstende,1
dampers,1
urandsagelige,1
stadsmand,1
qvalt,1
blye-gruber,1
muus,1
løven,1
elefant,1
rinoferus,1
banemand,1
bevege,1
forundringer,1
lastelser,1
overens,1
skades,1
forførelse,1
arsenikalske,1
antræffende,1
skinner,1
bevegelig,1
bedrages,1
benevnt,1
lygter,1
bortrider,1
bortkiører,1
lygtemændenes,1
tørvegraver,1
nedsynke,1
fastsiddende,1
hovedkulds,1
verks-gruber,1
velblandet,1
løglignende,1
lufttræk,1
grube,1
antendt,1
udslukt,1
grummeste,1
udøvelser,1
angribelser,1
fornemmelser,1
sodagtig,1
honninglignende,1
tungen,1
allerdy,1
engle-siel,1
opfødelse,1
bortligende,1
udstukne,1
leipsig,1
zirlighed,1
høide,1
kunstneres,1
papiirs-verker,1
arvet,1
linklude,1
uagtsom,1
bortkastes,1
opbrændes,1
fyrtøier,1
sidstbenevnte,1
raaden,1
bered,1
knysk,1
spildende,1
linnedeog,1
uldene-klude,1
opslitte,1
tov,1
fiske-garn,1
fiske-noeter,1
levebrøds,1
mynted,1
kaaberstykkerne,1
kaaberstykket,1
størrelsen,1
opfindelsers,1
næringsmaader,1
land-dyrs,1
fugles,1
fangelse,1
ødelæggelserseller,1
fordrivelsers-maader,1
spaadomme,1
forstenede,1
beslige,1
ment,1
merkværdigheder,1
forslagers,1
tyngden,1
navngivne,1
prale,1
sympatetiske,1
klygtigheder,1
rutengangs,1
løbebane,1
anlednings-tanker,1
behørende,1
efterretlighed,1
kaaberstykke,1
alnemaal,1
hamborgske,1
myndte-betientere,1
ryg,1
udsuelse,1
betlede,1
propheter,1
faareklæder,1
maske,1
undersaatteres,1
indklæd,1
sminke,1
præsses,1
fierdingaar,1
vellystige,1
anrettelser,1
penge-mangel,1
almisselemmer,1
klæde-vahres,1
velsigner,1
klagefulde,1
fcb,1
tvillingrige,1
begvemhed,1
besværende,1
pinagtigste,1
afvælted,1
aabned,1
raadgiveres,1
affordres,1
fattigste,1
forflyttet,1
bogstaverne,1
sølv-gruber,1
udvindes,1
berigelse,1
rums,1
indtagelse,1
hefternes,1
indbefattet,1
udtoger,1
afdelinger,1
ø,1
nav,1
benævnelser,1
trykkelsen,1
sides,1
blandinger,1
melt,1
indsperret,1
indbyggers,1
tænkerum,1
nyttede,1
bedekkede,1
ekko,1
uegennyttige,1
allernaaadigste,1
forvissende,1
ukiendelig,1
kiendeligt,1
smæk,1
regiæeringen,1
faare,1
arbeydende,1
møller-løn,1
møller-svig,1
avlsbrugere,1
attention,1
besværgende,1
avlsbruger,1
uforbigiængelig,1
saasremt,1
udenbyes,1
sommer-græsning,1
høved,1
24ß,1
cassen,1
slagter,1
grund-skat,1
avlsbrug,1
besværget,1
beskafne,1
rimeligst,1
mishandling,1
gemenligst,1
consumptions-forpagtere,1
brændevinsbrænderiet,1
gaard-deeling,1
drive-stand,1
lolland,1
ynskværdige,1
faciliteret,1
lods-eyeres,1
irring,1
reyses,1
hvormcget,1
ongefthr,1
taxationen,1
belæres,1
sæde-jords,1
siælland,1
superficielle,1
bonde-familie,1
63000,1
84000,1
126000,1
alens,1
andsat,1
consistence,1
frugtbarere,1
deelet,1
bekientgiøre,1
siddere,1
undede,1
foreener,1
fordcel,1
conto,1
anmærkct,1
monarchie,1
mesüres,1
despotismo,1
intraders,1
lætte,1
cosumptions-byrden,1
fjerdings,1
inclu,1
tome,1
prisernes,1
notam,1
sive,1
vixit,1
majeftæts,1
importere,1
fjerdings-kiedel,1
udkommer,1
consumptions-forordningen,1
fjerdings-eller,1
halv-tøndes,1
fierding,1
mæskningen,1
brændeviins-brænder,1
brændeviins-drikkeren,1
brændeviins-brænderiet,1
latuit,1
lemfældige,1
kiobstæds,1
fermiers,1
tøylen,1
bitterste,1
meenederier,1
utaaleligt,1
opirres,1
undertrykte,1
lastefulde,1
strafværdige,1
forgribelser,1
nager,1
indflyder,1
devise,1
punge,1
forbigaaer,1
indtrader,1
consumptions-afgifterne,1
skønt,1
financier,1
nødtrøftige,1
brændeviins-brænderie,1
forpagtnings-vilkaar,1
landboerne,1
priis-skrift,1
integrum,1
beredelse,1
justeres,1
proponerte,1
væsenet,1
øyenstene,1
seculer,1
redreffere,1
haandthæver,1
forsva,1
lærestanden,1
borgerstanden,1
øvrighedsstanden,1
rætfærdighed,1
forfængeligt,1
nære-stænder,1
fabel,1
mavens,1
fabel-trætte,1
trættes,1
kiedsommelige,1
velsært,1
torchil,1
force,1
land-væsens,1
udflyttelse,1
phyfice,1
moraliter,1
flottes,1
religions,1
hoved-gaardcn,1
residuum,1
hov-jorden,1
gvarantie,1
hoverie-forordninger,1
fornær,1
bonderfolk,1
udisciplinerede,1
tilstoed,1
øvrigheds,1
myndigheden,1
hoverie-fæstes,1
behageligt,1
vantes,1
tilsyns,1
forhandlings,1
hoverie-arbeyde,1
fæste-contract,1
fæstehavende,1
hovmaal,1
giødningens,1
udeelt,1
uadskilt,1
aftærskes,1
ladefoget,1
utærskede,1
lofterne,1
depense,1
formanede,1
udfløttet,1
vitløftige,1
gaard-forflyttelse,1
kortest,1
bcqvemmeligst,1
sæde-marker,1
superficiel,1
geometrice,1
delingen,1
høeflet,1
vexelvis,1
subdividerte,1
paaskiønnes,1
befantes,1
1000de,1
mark-fællesskab,1
forblivende,1
mark-skifter,1
tilmaalingen,1
mark-skifte,1
forher,1
melte,1
forebyggede,1
paasigtes,1
general-landmaaling,1
mark-fredning,1
remederes,1
fællesskaber,1
tilbageblevne,1
borttage,1
uendeligt,1
entreprifefoo,1
studs,1
bondergaarde,1
spoleres,1
nedbrydelse,1
forsvækkede,1
knur,1
allerflestes,1
allersletteste,1
trost,1
portion,1
mark-naboes,1
beye,1
dyrkværdige,1
igiennemskaarne,1
søer,1
floder,1
practicere,1
migniatur,1
smaaerebet,1
lods-eyer,1
ureent,1
bedærvet,1
brændeviins-kiedler,1
stemples,1
qvæg-tabet,1
chicanerne,1
fordreyelse,1
tilkiendte,1
overtræderen,1
faldsmaal,1
stevnte,1
udstæder,1
erindres,1
indstævnte,1
ting-dag,1
fortfare,1
haandhæve,1
vedvaret,1
ubegribeligt,1
nøtørstige,1
bøye,1
ober-retterne,1
afsiger,1
afhørte,1
overdommeren,1
stævnemaal,1
brødføde,1
birker,1
sortere,1
underdommer,1
justice-kassen,1
fortielse,1
afhørtes,1
vidnets,1
udsinde,1
kostbarhed,1
andlediget,1
afskrækket,1
berettiges,1
principalens,1
penge-casse,1
foranmeldte,1
iagttagne,1
indvik,1
philoptreja,1
bedømte,1
troeligt,1
betydet,1
mueligheder,1
ting-reiser,1
modus,1
procedendi,1
underkast,1
sagsøger,1
kiendelser,1
vidnes,1
hoved-sagen,1
interlocurorii,1
hoved-sagens,1
cassens,1
mulctere,1
fodreye,1
kløver-sæd,1
tiende-gaas,1
grise-korn,1
keyseren,1
forloret,1
udkiøre,1
barnedaab,1
kirkegang,1
offer-dage,1
forsamlinger,1
byrde-fulde,1
cartøfler,1
eftersynstiden,1
præstetienden,1
fælleder,1
omvraadede,1
kroermænd,1
medicinske,1
pæst,1
troeværdigt,1
præservativ,1
udfunden,1
anstikkes,1
forsigtigste,1
følelige,1
pundet,1
lovs,1
efterretlige,1
tiendegiveren,1
underdommere,1
nidkiære,1
betienteres,1
befoldning,1
general-taxt,1
betydning,1
jordbruger,1
foregivne,1
efterligge,1
ærter,1
forpligte,1
kløver,1
næg,1
udlegges,1
lokkende,1
vanbrug,1
ubrug,1
jorddyrknings,1
niftratores,1
reebning,1
frugthave,1
plantede,1
ringning,1
90de,1
procurators,1
sagerne,1
brændeviins-brænders,1
fyldt,1
conseqvences,1
ødsele,1
stadfæstes,1
brændeviins-egne,1
kriigs-tieneste,1
brænderiet,1
opholdelse,1
knappe,1
foeder-tidcr,1
opholdes,1
mæske,1
brændingen,1
brændeviinsbrænderne,1
afviises,1
brændeviinsværket,1
refusion,1
consumptions-casse,1
søe-consumptionen,1
told-betientere,1
næmerst,1
difigurerede,1
forvildende,1
aldseende,1
rettergangen,1
aliqvid,1
kande,1
mellemstunder,1
folke-arbeyde,1
raadstuen,1
kiedels,1
raadstue-protocol,1
ustemplede,1
strængelig,1
sammenstaaes,1
brygning,1
afslaaes,1
casseres,1
casserede,1
courant-fattige,1
hensættes,1
varing,1
betienes,1
out,1
destilere-kiedler,1
meldede,1
brændevinets,1
contravention,1
inqvirere,1
brændeviins-kiedlernes,1
berlingske,1
artikulen,1
stokholm,1
betinges,1
omnibus,1
nihil,1
toto,1
rabulisters,1
stævning,1
hoved-stævnemaalets,1
udstyrelse,1
indgives,1
under-ræt,1
tildømt,1
over-ræt,1
mulcteres,1
principalen,1
dommernes,1
herreds-tinget,1
arkviis,1
validere,1
høystbillig,1
liniernes,1
arket,1
beseer,1
ordenes,1
sving,1
acterne,1
løftige,1
befrygter,1
menneske-had,1
uhørt,1
vitløftigere,1
udbreede,1
fremlokke,1
dominere,1
bedstes,1
philalethus,1
bens,1
begiæring,1
overleveres,1
bestyrket,1
snevre,1
vindskibeligheds,1
betitle,1
drivefiedren,1
tilønsker,1
processers,1
misbrugene,1
forkortelse,1
strænghedens,1
svøbe,1
rætsindighed,1
høystsammes,1
landdyrkningen,1
lovkyndigheden,1
ubehindrede,1
byrdefuld,1
rettergangs,1
uleilighederne,1
verkstæd,1
189,1
snedker,1
daarligste,1
forundrede,1
nederlag,1
fattede,1
hensende,1
barbarers,1
loed,1
alleryderste,1
beholdte,1
erobringerne,1
udholdet,1
guders,1
torden,1
portugiserne,1
spanskes,1
betjente,1
udjagne,1
erobrere,1
udjaget,1
ørkener,1
heltenes,1
undertvinge,1
billedstøtter,1
tilhandle,1
speyle,1
republikerne,1
erobret,1
portugisernes,1
spaniernes,1
udjagelse,1
abbas,1
armeer,1
armenierne,1
provintsen,1
guilan,1
jødernes,1
adrian,1
palestina,1
ongefæhr,1
berettet,1
maurernes,1
tomhed,1
næringssaft,1
ødelæggelsen,1
guddommelig,1
ødelæggerne,1
fyrsterne,1
sammestæds,1
bourbon,1
carthaginienserne,1
republike,1
oversende,1
blandingerne,1
allerbefrygteligste,1
sweyts,1
allerfolkerigste,1
cursum,1
verflødigheden,1
beleyringerne,1
taktik,1
hærder,1
vænner,1
afføre,1
istæden,1
felt-herre,1
feldtslagene,1
u-nyttige,1
skue,1
forfriskninger,1
feltslage,1
vandleedninger,1
romernes,1
levninger,1
forferdelig,1
julius,1
soldaternes,1
krigshæren,1
rekruter,1
afsmag,1
bortløb,1
grendse-stæder,1
forsigtigheder,1
vænne,1
skuffer,1
kanonens,1
løbegraver,1
23de,1
liigheden,1
indfører,1
korpus,1
hoffolkene,1
fornemmer,1
forverre,1
henrevne,1
hobetal,1
mandlige,1
giftede,1
poleret,1
ryamazan,1
bylter,1
angaaendes,1
bevaret,1
sleebne,1
verker,1
ypperligere,1
fredens,1
marschere,1
smeltes,1
sygehusene,1
trekke,1
flindt,1
chach,1
sardinien,1
misdæderne,1
forviste,1
imodsige,1
hoved-lærdomme,1
fordømte,1
pestene,1
blodigste,1
gejstligt,1
afgrunde,1
slægter,1
begravede,1
rommeres,1
stridig,1
laler,1
catholske,1
oprettelsen,1
beskyldede,1
umaadelighed,1
forlindret,1
bolverk,1
nazaræeren,1
mahomet,1
monarkies,1
klosteret,1
roeligt,1
skuld,1
uophørligen,1
fortreffeligste,1
entholdenhed,1
mystisk,1
kied,1
sammenføyede,1
efterlignede,1
kroppe,1
taalmodigen,1
huus-fortrædeligheder,1
forbeholdte,1
ubebageligheder,1
uenighed,1
tilendebragt,1
fordriver,1
skilsmisser,1
fruentimmere,1
figur,1
egteskabets,1
sammenbundne,1
begraver,1
underveys,1
republik,1
lacedemon,1
subtile,1
sære,1
skilsmissen,1
egteskabet,1
udjage,1
cirkulation,1
protestantisk,1
munkevæsenet,1
skammen,1
ligheden,1
udøse,1
indbildende,1
haandtering,1
vildes,1
horder,1
interesser,1
frugtsommelighed,1
svangerskab,1
omkommer,1
bluefærdigheden,1
maaueden,1
fættte,1
lisbet,1
landskab,1
overbragte,1
fasthed,1
bøyelse,1
hidrører,1
jordbundens,1
kli,1
maens,1
himmelegn,1
overbringe,1
enestes,1
førstefødsels-rettighed,1
26de,1
talrigere,1
blottet,1
øverster,1
besynderligste,1
afrikas,1
overbringer,1
minerne,1
besskieftiger,1
indfødte,1
uddampe,1
qvægsølvet,1
afgrund,1
opvoxne,1
forgiængelige,1
magernes,1
allerbehageligste,1
rummer,1
guder,1
ofringer,1
tilintetgiorte,1
tyen,1
dekte,1
gemytterne,1
vandringsmænd,1
standhaftige,1
tappre,1
haardføre,1
udeele,1
medskyldig,1
lexer,1
flød,1
haardheden,1
forsinker,1
gevexter,1
aspekten,1
vædskerne,1
dyrkningens,1
vo,1
cursu,1
planternes,1
hovedposten,1
gartneren,1
varmens,1
delikateste,1
allerkonstigste,1
arternes,1
fordeeles,1
forefandt,1
demonstration,1
flittigst,1
hældige,1
distrikters,1
grovere,1
selvvalgt,1
forandringerne,1
jordstrekninger,1
millioners,1
vankundig,1
standhaftighed,1
hvornødvendigt,1
modværge,1
stodder-pak,1
usynligt,1
agerddyrkninggs,1
emigranters,1
overtræde,1
folke-retten,1
forskiels,1
forhaabninger,1
slumpe-lykke,1
styrer,1
agerdyrknig,1
hoved-klasser,1
egenlig,1
salat,1
vandingen,1
afplukker,1
trivelse,1
afklipper,1
smaakrat,1
adlyder,1
veyleder,1
narurkyndigerens,1
erfaringerne,1
u-omgiengelig,1
despotisk,1
igientage,1
tvin,1
underkastes,1
vedtegter,1
uefterretkelige,1
vanerne,1
udstrekke,1
overfladen,1
forfuskede,1
indhøste,1
beklipper,1
sikal,1
physikens,1
holdeden,1
viingaarde,1
viinhøsten,1
paabød,1
sysselsette,1
gienstande,1
methoder,1
naturkyndige,1
unges,1
oplærte,1
bestyrelser,1
manufakturerne,1
smørret,1
naboe-landets,1
udgrundet,1
sammenbindes,1
udgrundes,1
mageligt,1
mekaniske,1
nøyagtighed,1
harrer,1
lærernes,1
gaverne,1
fortreffelig,1
rygter,1
bonde-væsenet,1
u-endelige,1
ostene,1
fortsættes,1
anstikkende,1
omhygelighed,1
hyrde-skole,1
laadne,1
chirurgiske,1
anatomie,1
beskfætige,1
arterne,1
skindene,1
huderne,1
allerstrengeste,1
mængdeviis,1
distrikter,1
løbendes,1
misdædere,1
dørene,1
andagts,1
vanke,1
undløbe,1
virkeligheden,1
vs,1
tigger,1
forurolige,1
tillokkelser,1
seele,1
vanens,1
engan,1
ernæret,1
ulægelige,1
stolende,1
menneske-kierligheden,1
forudseenhed,1
terialier,1
huus-bekymringer,1
haandværksmanden,1
sengs,1
tiggeres,1
forskrekker,1
pilegrim,1
plynderier,1
beladet,1
due,1
behageligheder,1
forfriske,1
allerunyttigste,1
landsby-roelighed,1
fornøyende,1
begrave,1
knippe,1
udspeyde,1
skrekke,1
magelige,1
invalide,1
strabatserne,1
ægteskaber,1
godgiørenhed,1
lehning,1
land-arbeydet,1
høystfornøden,1
næseviis,1
rolle,1
haardeligen,1
skikkeligt,1
priisværdig,1
hospitalitet,1
dyder,1
philosophisk,1
munke,1
frek,1
rødmes,1
uforskammede,1
forladte,1
gruelige,1
flyver,1
hovedpuden,1
nagende,1
opslyge,1
martrende,1
hentærede,1
belæssede,1
smerter,1
frekke,1
værdt,1
ulyksaliges,1
forkommer,1
forskrekkelige,1
honnet,1
skatte-fordringer,1
svekke,1
arker,1
blodigler,1
sue,1
gade-tiggerne,1
vrimle,1
overgiver,1
udøs,1
forlænge,1
tiggerie,1
pialter,1
aftvinger,1
haardnakkende,1
vedhængende,1
frekhed,1
aarets-tider,1
udgangs,1
cynisk,1
undrage,1
haandverker,1
agerdykning,1
laser,1
alexander,1
forslaaer,1
diogenes,1
belønner,1
plyndringer,1
forstyrrere,1
smerteligste,1
aspine,1
godgiørende,1
længstbortliggende,1
hungeren,1
martrer,1
skiuler,1
ufordragelige,1
ubestandige,1
ufordragelighed,1
giev,1
hieip,1
sorrig,1
gudsfrygtig,1
brydeeis,1
qvitterings-bog,1
qvitterings-bogen,1
bog-klar,1
reelighed,1
hustrus,1
hovspind,1
vertshuus,1
heste-markedet,1
fogeder,1
respeterede,1
sov,1
skyldet,1
tølpere,1
donsede,1
lystig,1
lure,1
apotheker,1
trefierding,1
soe,1
spegeleret,1
prækede,1
merner,1
picanteri,1
pocus,1
randsager,1
bispen,1
brøire,1
dryp,1
bardun,1
castellet,1
pagtnings-penge,1
pagtning,1
grædt,1
herredsfogeder,1
birkedommere,1
juuletider,1
beteer,1
hocus,1
sommetid,1
kroehold,1
siven,1
præker,1
bey,1
sogne-folk,1
sogne-fogeden,1
hiel,1
pe,1
kirke-stevne,1
uefterrettelige,1
usselig,1
rynd,1
krymper,1
overmænd,1
indhave,1
fratrædelsen,1
kierer,1
velforligte,1
compie,1
fæste-brevet,1
forbandt,1
forsiddet,1
øyen,1
forsidt,1
tingstuen,1
korsfæste,1
datteren,1
obstinare,1
stymperen,1
høflig,1
maled,1
tienesterne,1
fortrydelige,1
trolle,1
gudsens,1
sanden,1
porten,1
comtions-for,1
baresten,1
caduc,1
vanker,1
laer,1
hullet,1
vegre,1
kryber,1
korset,1
beer,1
d—n,1
skrup,1
udgangs-penge,1
knøs,1
flængt,1
ligere,1
borgemester,1
fæsterne,1
segle,1
uforsvarligt,1
feld,1
birkedommerens,1
mankerede,1
fødekorn,1
ildkar,1
ferreds-hauger,1
høst-hauger,1
sengested,1
bænk,1
comtionen,1
hysser,1
bedraget,1
ufortalt,1
ustridigt,1
tyrepisk,1
træehesten,1
dievel,1
rie,1
bedet,1
riim,1
collegiet,1
spotviis,1
forfra,1
prebeley,1
prange,1
vedstaae,1
brændeviinsbrænder,1
gestrick,1
extimere,1
udtient,1
trøstig,1
gruelig,1
degns,1
møllers,1
smøre,1
comtravten,1
professerne,1
pagtere,1
forløsningen,1
prædiker,1
beskiemmer,1
vennet,1
tekstning,1
volvermisse,1
3m,1
12ß,1
20ß,1
4m,1
4ß,1
gierde-lukning,1
hukke,1
vløyning,1
harring,1
børste,1
vør,1
herregodser,1
tar,1
ae,1
greves,1
skræderens,1
foragtet,1
gods-eyeren,1
springer,1
speculere,1
soutinere,1
pløyland,1
speculerer,1
bestikkelse,1
maat,1
brændeviinsbrænderie,1
klygtig,1
uredt,1
digter,1
træe-hesten,1
sommetider,1
hilsen,1
helmede,1
hevnet,1
harme,1
aande,1
igientager,1
angav,1
præssterne,1
destricterne,1
prebeleg,1
fuldmægtighed,1
oppebørsels-betientere,1
liimstangen,1
tyktes,1
mæle,1
debeneret,1
even,1
callumborg-skole,1
aggestas,1
tilføye,1
provster,1
slængt,1
tongeneret,1
møllerne,1
hvedemeel,1
degnene,1
kalkunsker,1
trolove,1
forlovere,1
trolover,1
stæde,1
fyr-tømmer,1
frygtet,1
forteller,1
bender,1
fuldte,1
retsaa,1
tyrkeriet,1
brnges,1
kirkesognerne,1
kirkesogner,1
seil,1
dølg,1
detvil,1
probatum,1
forhale,1
tilstedt,1
pagteren,1
uretfærdige,1
sindets,1
allerforfærdeligste,1
mægtigt,1
forplantelsen,1
hændtes,1
philosopher,1
forhalet,1
evigheds,1
skabende,1
foranderlighed,1
biefalder,1
adam,1
moe,1
uformærkte,1
aarfaget,1
sytten,1
aarhundredes,1
sæderne,1
ro,1
religioner,1
beherskere,1
polygamie,1
mahomedanfike,1
imodsigende,1
alkoran,1
muselmands,1
møysommelig,1
hjelpemiddel,1
giften,1
omkommet,1
sammenføyelser,1
foregaaet,1
forborgen,1
yaaneden,1
ryebeg,1
uforkrænkelig,1
himlene,1
astronomerne,1
materiens,1
planeter,1
bevægelsernes,1
sammensættende,1
anral,1
ynkeligen,1
tidspunkter,1
historieskriverne,1
neppet,1
historierne,1
peste,1
hæslig,1
catay,1
smitsomhed,1
allerskammeligste,1
overvældede,1
selskabelige,1
dyrk,1
edres,1
muselmand,1
kramvahre,1
formerede,1
talrig,1
beskieftigede,1
stedsevareude,1
sovesyge,1
konsternes,1
trælbaarne,1
foreskrev,1
indgive,1
vexlede,1
søes,1
arbeydsomt,1
aldere,1
oplivede,1
overflødigheden,1
hedenske,1
borttog,1
sødheden,1
ægteskabet,1
sammenknytte,1
knuderne,1
løsnede,1
hierterne,1
særsindighed,1
fædrene,1
tienestetyender,1
fægtere,1
vogtere,1
kiempe,1
forsmægter,1
kiempepladsen,1
begravet,1
maadelighed,1
frembringende,1
svækkende,1
udtømme,1
serail,1
indgetogenhed,1
skalusie,1
haandthæve,1
slavers,1
roligheden,1
seraillet,1
gildingerne,1
jomfruedom,1
fruer,1
skiller,1
ispahan,1
hovedstæder,1
tillokkede,1
monarkerne,1
ehabhan,1
tidspunkt,1
allerforunderligste,1
beskiemmet,1
overregning,1
skiette,1
sommesteds,1
kirkereiser,1
skriverdreng,1
plukke,1
jordbær,1
sommesteder,1
trave,1
kiørne,1
christmaaneden,1
glugmaaneden,1
capabel,1
skielde,1
has,1
overlegge,1
majestæten,1
suppliqve,1
brændeviinsbrændens,1
observere,1
compleigten,1
suppliqver,1
fremmedestanker,1
oeconomies,1
paul,1
hermann,1
knæble,1
rusle,1
forspand,1
sporter,1
værges,1
tingfærd,1
snedige,1
tingfær,1
forsvarte,1
rap,1
enke-qvinde,1
smek,1
petale,1
lavede,1
bon,1
concepter,1
tækkemand,1
gok,1
rænker,1
fortæll,1
stødte,1
udtømmet,1
ligemange,1
hillemænd,1
saamæn,1
beskrivelsen,1
skavle,1
muurmester,1
höecke,1
forerindring,1
montesquieus,1
xerxernes,1
grækenland,1
blottede,1
bisværme,1
folkestægter,1
opholdssteder,1
europæiste,1
tyrkie,1
udgjorde,1
monarkier,1
anqaaer,1
florerende,1
dariernes,1
folkeslægter,1
kongerigerne,1
irimette,1
circassien,1
guriel,1
løstige,1
halvtrediesinstyve,1
egypten,1
aftaget,1
kysterne,1
middellandske,1
carthagenienserne,1
volkaner,1
sicilien,1
læserens,1
forleggeren,1
sandsynlige,1
læsningen,1
anmerkningerne,1
fredstider,1
terne,1
utilstrekkelige,1
krigsfolk,1
bestyrker,1
landmilitz,1
hengives,1
afsetning,1
fortsette,1
forfærde,1
kiendere,1
oyne,1
perser,1
udtaget,1
sammenligner,1
kaster,1
bestyrtelse,1
levningerne,1
landhusene,1
borgernes,1
studse,1
fuldkommeut,1
praktiskr,1
trillere,1
exekudsionen,1
fraliggendis,1
3200,1
ansættes,1
afmaalning,1
bryderi,1
overmands,1
raseri,1
mulkt,1
helligere,1
afgiorte,1
dispyter,1
udsætter,1
disputeer-tiden,1
turen,1
hielpsomme,1
nægtede,1
øiet,1
sammenkomst,1
vertskab,1
høitid,1
skiermydsel,1
blaae,1
banket,1
trøie,1
saaen,1
fierdingsvei,1
e.g,1
fralig,1
reiseeller,1
hoveri-forordningen,1
opsættelser,1
forhaling,1
anklagede,1
klagens,1
supplicerede,1
straff,1
tiltalte,1
plougene,1
gaards-marken,1
port,1
spænd-dag,1
uovereensstemmende,1
modtog,1
pløie-tiden,1
spænd-dage,1
2/4,1
paabyder,1
egenmyndig,1
hoverie-anodningen,1
2ode,1
allerhøistbemeldte,1
uvegerlig,1
uovereenstemmende,1
exekudsion,1
paratissimam,1
iversatte,1
executionem,1
pinagtighed,1
lollik,1
dannemand,1
magasinet,1
skrevst,1
affekt,1
rørelse,1
stolet,1
savanne,1
tronen,1
mayestet,1
under-mod,1
overmand,1
ærrørig,1
fortælning,1
voldemars,1
frideric,1
høilovlig,1
benyttes,1
tilkiendegivet,1
eenfoldigste,1
ubilligste,1
modsiges,1
mede,1
opreise,1
skikanere,1
tilbedet,1
knus,1
bjerge,1
endim,1
bestik,1
herre-og,1
bierings,1
aget,1
mødningen,1
herreend,1
strømme,1
overkommet,1
uformodet,1
vandskyll,1
uvæir,1
censura,1
næstpaafølgende,1
helligdag,1
rase,1
vogteren,1
visiere,1
urslige,1
haardest,1
medtaget,1
villigere,1
dar,1
vexat,1
ideligen,1
ordentligen,1
aulingens,1
gieldneres,1
amtsforvalteren,1
aabene,1
mando,1
hellighed,1
skrivereller,1
kiøbmands-karl,1
forskyder,1
auler,1
ugift,1
hoveri-accorter,1
accorten,1
øiensynligen,1
akkordt,1
trakt,1
næringsmaade,1
forbudd,1
hoveri-akkordter,1
varingens,1
besætter,1
forhudlet,1
umulighed,1
paatog,1
tiære,1
houfri,1
houbønderne,1
fodres,1
suveræniteten,1
skaansel,1
toujours,1
a.b.c,1
kaldt,1
titelen,1
glose,1
redeligen,1
klassiske,1
authores,1
landhuus,1
author,1
fot,1
trouve,1
grand,1
rekryteringen,1
qui,1
l'admire,1
bænken,1
oversiddes,1
landmilidsen,1
reserver,1
reserverne,1
strøelæggene,1
rekryt,1
vaagent,1
øje,1
teorie,1
fæstebønder,1
gade,1
ynkes,1
udlært,1
jordemoder,1
goedses,1
tilskyndelse,1
anklages,1
fortales,1
satisfaksion,1
evangelium,1
annammet,1
udskriges,1
upatriot,1
uendelighed,1
landeplagers,1
udmattende,1
proprietærers,1
tilskuer,1
overlægg,1
udstykke,1
raabes,1
bopæl,1
tylt,1
falls,1
udstykket,1
forvildelse,1
apotek,1
ovæg-svagheds,1
iboede,1
bænke,1
selveier-rettigheder,1
hiemlet,1
afguderi,1
falskt,1
gieldt,1
liggendis,1
nøtte,1
aabenbaret,1
hvilkets,1
redskabe,1
boskab,1
lodd,1
besatt,1
møllen,1
uhret,1
mangensteds,1
forskudt,1
stikken,1
huus-taulen,1
alvorligt,1
aanske,1
hobe,1
gudsfrygt,1
opbygt,1
ærestøtter,1
ophøjede,1
munds,1
formeret,1
pakker,1
krattet,1
vildanden,1
uhrhanen,1
flygter,1
ligedanne,1
udørkener,1
væverier,1
satter,1
faalænge,1
vaagnede,1
derforholder,1
skurve-hatte,1
jorden-vel,1
befodrer,1
beslægtede,1
dotterrække,1
hader,1
skielmere,1
fabrik-vare,1
hatter,1
femmede,1
folke-yngelns,1
jordemødre,1
børnekoppernes,1
søv,1
begroet,1
varrones,1
militære,1
dørrene,1
kolonister,1
giodning,1
fabrikantere,1
steengade,1
sattz,1
himmel-egn,1
hverver,1
befolkningen,1
trøien,1
despotiske,1
ligemand,1
tibi,1
befoldningen,1
fabrike,1
torvet,1
vaagnet,1
tjenesten,1
rygtes,1
teglbrænderi,1
fortjenesten,1
midi,1
mæcenates,1
dabo,1
indpodning,1
henrives,1
barsel-sengen,1
talemaade,1
artikelviis,1
dificil,1
antagonisten,1
tilgaaer,1
satisficeret,1
trykke-friheden,1
impertinent,1
beklemt,1
sielekræfter,1
overbeviste,1
mist,1
fornøjet,1
tasken-spillerne,1
udtolker,1
oprørere,1
pasere,1
efterslet,1
befalingen,1
ødet,1
enfin,1
bortførsel,1
ladegaardens,1
pligtsdage,1
tvæt,1
facon,1
jevnligen,1
aaligen,1
philopat,1
kiøbenhaun,1
barne-mødre,1
børnekopperne,1
diæt,1
mød,1
kopperne,1
skadelighed,1
indpræke,1
folke-yngeln,1
contribueret,1
svarret,1
adresse-contoirets,1
generalibus,1
210,1
betragtningers,1
stykke-viis,1
retorquerer,1
sluddervorn,1
overjasker,1
replique,1
kulkastet,1
algebra,1
stegen,1
spørgende,1
aflæringen,1
aules,1
arks,1
herre-præste,1
forraade,1
stemplede,1
opløfter,1
skyerne,1
landsby-verden,1
skandskrift,1
bevandret,1
portræt,1
naiv,1
hudle,1
sudle,1
hvissilg,1
levebrod,1
mønt,1
bidder,1
ansigts,1
skalt,1
svede,1
indiens,1
lytken,1
lytkens,1
beundres,1
torkel,1
foger,1
godtgjøre,1
rußen,1
reisenden,1
anecdoten,1
risum,1
hæderlige,1
aldt,1
henrive,1
traktar,1
grangiveligen,1
henbragt,1
studerekammer,1
granskning,1
urtekyndigheden,1
bevandte,1
videnskaben,1
teneatis,1
recenseres,1
amici,1
sancta,1
simplicitas,1
valgsprog,1
futor,1
hou,1
giænge,1
rinder,1
hu,1
recension,1
kritiske,1
melrenr,1
recensents,1
angre,1
næret,1
træskoerne,1
omvendt,1
foredrage,1
kryds,1
dotteren,1
fabrikerede,1
fragt,1
iberegnede,1
spekuladsion,1
siddendis,1
oste,1
sekulum,1
træskomageriet,1
landeplager,1
qvindekiøn,1
"siger,at",1
hidt,1
amsterdam,1
ladninger,1
saunes,1
ligefaldt,1
tiende-registere,1
tilbygte,1
kornhusene,1
korner,1
folke-lønnen,1
skiænde,1
nogensteds,1
t,1
disbedre,1
forvaltningen,1
behøvet,1
reformadsion,1
redskabernes,1
rækkes,1
aflæring,1
stræbes,1
passes,1
forsømtes,1
græve,1
desflere,1
fordelagtigste,1
anstøds,1
nedsynkes,1
fordøjes,1
grævens,1
tilsatte,1
beqvemmelighcd,1
helte-gier,1
desmageligere,1
overeens,1
kiedsommeligt,1
fortryd,1
bønderbørn,1
arvedeel,1
aas,1
halvedeel,1
besetning,1
øjesyn,1
begrings-grunde,1
indgiver,1
efterlæsning,1
grundsteen,1
understøtternes,1
eiendoms-ret,1
magelaget,1
indstilles,1
tllholdes,1
indfæstnings-penge,1
hovnings-pengene,1
eftergives,1
udskiftes,1
generel,1
taxering,1
gaards-parter,1
førstomtalte,1
eragtning,1
formeentlig,1
forommeldtemaade,1
udskriftelse,1
inddeler,1
reysning,1
boere,1
jordstrekning,1
heldig,1
ulig,1
tilbytter,1
rytte,1
oversvømmede,1
stærre-moser,1
moeser,1
mands-parter,1
benyttet,1
maabunds-pletter,1
bederved,1
fællesbrødre,1
giørlige,1
hegns,1
fremlegge,1
udstædte,1
circulair-skrivelses,1
grundregel,1
mandlyst,1
hvor-commissionen,1
beladte,1
commissærers,1
fraskillelsens,1
gierdets,1
omgiven,1
jordelavet,1
udkiørsel,1
antegner,1
gæs,1
ringede,1
tredjedele,1
underskoven,1
eske,1
estk,1
hegning,1
folke-formerelse,1
haandverksmænd,1
nødtørstigste,1
lejligheden,1
udkant,1
taaligste,1
lodsejeres,1
advaret,1
dagleie,1
forrenes,1
tilstaaende,1
eieres,1
slag,1
græsser,1
tildelte,1
griis,1
eiet,1
høistskadelige,1
tilfaldne,1
præmium,1
velgiødet,1
magelægge,1
inddelte,1
uadsikilte,1
nummereres,1
kastes,1
indgrøfte,1
delinger,1
hovedgaards-markes,1
albus,1
ureed,1
tofter,1
fællessab,1
hegner,1
opskaarne,1
udlægge,1
indhegningen,1
befattes,1
tilmaalte,1
fraregnes,1
maabunden,1
strekninger,1
vandfaldet,1
engenes,1
tørvemoser,1
sååledes,1
utilstrekkeligheds,1
hindringsbierge,1
herreds-foged,1
hiemaget,1
limes,1
rammerne,1
reven,1
sammenlimet,1
fastnagler,1
snor,1
seiglgarn,1
sønderrives,1
bestryges,1
linolie,1
regnen,1
opblødes,1
forlagt,1
udgiverens,1
datums,1
general-landvæsens-collegium,1
meddelte,1
fælleffabets,1
beleilige,1
befæstet,1
collegiers,1
forfarenste,1
iagttagelser,1
nyborg,1
overdrevs,1
kit,1
haven,1
løftes,1
allervigtigste,1
forsamlingerne,1
departement,1
lexe,1
haand-arbeyder,1
gartnerne,1
agerdyrkerne,1
examina,1
deputerte,1
anvisere,1
giødskningen,1
temme,1
afhandle,1
varsomt,1
forflyttede,1
kiøkken-have,1
mistbeed,1
blomkaal,1
selleri,1
radiser,1
kiøkken-haven,1
straafuldt,1
hesteskarn,1
overtrakte,1
ligedes,1
fraskilte,1
kirkejord,1
leiet,1
tildeel,1
stiv,1
skeen-bund,1
veierligt,1
markens,1
delt,1
utroskab,1
ødeblivende,1
sletten,1
tildelt,1
sletter,1
banker,1
vægge,1
veierligets,1
tilsettes,1
huusvild,1
inddelingen,1
gierdselen,1
fældes,1
fraskillelse,1
afdeles,1
allertravelste,1
udkiørt,1
rug-jorden,1
udestaaende,1
ustadighed,1
by-mark,1
hovedgaards-jord,1
glødning,1
krat-skov,1
inderstes,1
arildstid,1
paadrives,1
sygelige,1
jordebrug,1
paagrændsende,1
tøiring,1
ikke-uden,1
eqvi,1
valent,1
situationen,1
beliggenheds,1
magelægget,1
udskiftet,1
ophævelsen,1
lodseiernes,1
mageskifte,1
underføgning,1
besætnings,1
belydenhed,1
ferdighed,1
complettering,1
indseee,1
gründen,1
ufortøvet,1
469,1
skiftetidernes,1
klynke-sygen,1
næstforriges,1
rug-aul,1
1709,1
mælk,1
raset,1
hovedstadens,1
vognmænd,1
andets,1
ivre,1
hovedstaden,1
østersøiske,1
forfærres,1
forfleeres,1
hov-bønderne,1
troeligere,1
hov-bonderne,1
stræbsommere,1
vindskibeligere,1
giendrives,1
jordbøger,1
trikulerede,1
kiøb-enge,1
kirke-enge,1
bøndergaardens,1
recepten,1
larmen,1
extra-bekostninger,1
bygs,1
sommerhuusholdingen,1
skiftetider,1
faredagene,1
marts,1
sept,1
kornpriser,1
angaaendis,1
philodans,1
formeening,1
skudd,1
øster,1
tiludbrug,1
tara,1
opbinde,1
indskiøre,1
vandstand,1
opbrude,1
geometriske,1
indaulingen,1
sædetiden,1
middelmaadigt,1
extra-skatter,1
uaar,1
havret,1
tyndere,1
besaaede,1
bevoxne,1
menneskeligheden,1
met,1
low,1
po,1
litisk,1
been-rad,1
aarene,1
vidtudseende,1
glimter,1
uskiønsomme,1
vendt,1
indflye,1
uanfægted,1
forralen,1
satker,1
gienkalde,1
lykket,1
beskytte,1
459,1
460,1
461,1
462,1
467,1
468,1
page,1
lov-bog,1
upolitisk,1
slentrian,1
kreaturets,1
hoveri-arbeide,1
hov-bønder,1
frie-og,1
selv-eyer,1
grandgiveligen,1
lægg,1
advare,1
tælgning,1
talgt,1
hidde,1
piben,1
herregaards-markerne,1
elendigheder,1
bortskiænke,1
revenyer,1
bøndersteder,1
skiænke,1
skæbne,1
udlaant,1
politiqve,1
politici,1
distinction,1
allerfæleste,1
slaveriets,1
vinterhuusholding,1
undvigelse,1
udmeldes,1
færger,1
sire,1
herredsfogdens,1
vederlegger,1
flytning,1
lodseiers,1
hov-dage,1
nabobyer,1
begvem,1
bisperne,1
fæstepenge,1
foertrang,1
kirkeeiere,1
overtro,1
kornprisen,1
tilstedes,1
raat,1
tiendemaadens,1
øxen,1
tiendeyderes,1
anslaget,1
agerjord,1
tiende-afgiften,1
yderne,1
akademier,1
andring,1
afdelte,1
halvpart,1
brugere,1
sølvmedaille,1
protokol,1
land-commissarierne,1
tilstedeværende,1
fælles-markes,1
land-maalerne,1
diæt-penge,1
mulet,1
læselig,1
ueens,1
stemmerne,1
stemme,1
vedbleven,1
jordeiere,1
guldmedaille,1
forsamler,1
nabo-byerne,1
fuldendes,1
delingsmaader,1
jordegodseiere,1
forudsettes,1
gienstridighed,1
forspilt,1
husbonders,1
pengespilde,1
skolelæreres,1
tienters,1
opmerksomhed,1
høistfarlige,1
politie-retter,1
tilholdtes,1
halvaar,1
føde-sogns,1
kiøbstedens,1
paalagdes,1
giesterne,1
liigfærd,1
indskrænkedes,1
overdaadigheden,1
uroligheds,1
bevegelse,1
utaaleliger,1
sagtes,1
ligsom,1
vansikeligt,1
fager,1
halvaarek,1
extraskat,1
folkeskat,1
beholdningen,1
pigers,1
forrient,1
pigen,1
anordnedes,1
udraabes,1
skiftetid,1
politie-forordning,1
skøttede,1
fordervelsen,1
dovenskabet,1
tilstede,1
saafnart,1
kiøbsteden,1
tersker,1
bøndergaardes,1
besvangrede,1
qvindearbeide,1
rager,1
selveieres,1
husbond,1
sædegaardseiere,1
maameder,1
opdra,1
sclvs,1
eiergaarde,1
arbeidernes,1
brændevins-drik,1
overhaand,1
stet,1
undvige,1
sædvanliger,1
kiøres,1
skieres,1
drejer,1
hel,1
høstdagenes,1
lods,1
proportioner,1
casus,1
haand-verker,1
nærings-gren,1
bønder-børns,1
koppe-sygen,1
provincial-doctores,1
provincial-inoculister,1
menageerligste,1
føyede,1
telt,1
inoculations,1
bønder-børn,1
grundmuret,1
palais,1
fornemmere,1
inoculeredes,1
strængt,1
skrellinger,1
skrantninger,1
ædere,1
collegii,1
forløbet,1
tildelelse,1
indlukkernes,1
casse-mestere,1
potatos,1
tøyrslet,1
udfæd,1
afvexles,1
capo,1
medhielp,1
kones,1
plovlaug,1
2=3,1
smaaeklatte,1
sinke,1
høravling,1
terskemænd,1
fyllogistice,1
tærskemandsløn,1
tærskede,1
punde-tærskere,1
dagleyer-tærskere,1
nøle,1
sysseler,1
træeskoene,1
skieppe-tærskere,1
hege,1
oeconomi,1
theoretici,1
resultat,1
faamegen,1
beskæmme,1
ungefer,1
frelses,1
rimeligste,1
opreysning,1
berømmeligste,1
medborgerne,1
disputeres,1
bønderbyers,1
hovedgaardernes,1
bebyggelse,1
øyemeds,1
bequemmeste,1
umueligheder,1
kavere,1
overbalanceres,1
gotgiøres,1
hovedforfatnings,1
landhuusholdningens,1
recept,1
sigelse,1
patienten,1
kuren,1
besværlighederne,1
tiendelige,1
sinaa,1
overvægt,1
medborgernes,1
hvitfeltsstræde,1
ufeylbare,1
forkorte,1
16-20,1
pløyeland,1
tela,1
prævisa,1
nocent,1
sæds-lære,1
sæde-lære,1
føyelighed,1
huul,1
tælningens,1
igiennemregnes,1
sæde-høst,1
punct,1
langhalmens,1
opnæges,1
stakken,1
toppene,1
indveiidte,1
stak,1
modnelse,1
enddog,1
sammenstakkes,1
middags-tid,1
nøyagtigere,1
møget,1
kraften,1
udkiøres,1
6-9,1
betænksomhed,1
bønder-pigernes,1
landsoldat,1
bonde-hytte,1
fæsteledig,1
alter,1
huufe,1
huus-familier,1
tigger-flokken,1
trøstelig,1
udfodrede,1
corpus,1
priiseligste,1
lov-trækkernes,1
medgifts-casse,1
ungkarle,1
udbetalte,1
paaleggende,1
pebersvenne,1
leyermaals,1
kopskatte,1
familie-skatte,1
iverksettes,1
kunstnere,1
bestemoder,1
udygtighed,1
giftefærdige,1
tiltagelfe,1
romerner,1
beqvemmmest,1
spørsmaalene,1
opgivne,1
januarii,1
læseres,1
sapientibus,1
fostre,1
tempel,1
udziirede,1
forstaaelige,1
iverksættelige,1
trium,1
yder,1
liberorum,1
passelig,1
fabriqveurs,1
planteurs,1
sædeligheds,1
kaade,1
tiiden,1
gavnligt,1
ægte-sengene,1
tilladelige,1
plantestæder,1
utømmelig,1
dyrkere,1
hegnet,1
tilfaldet,1
qvartaliter,1
gifts,1
casser,1
sædemarkerne,1
besværes,1
høstdage,1
arve-rettighed,1
faber,1
indlukke,1
forlods,1
arve-retten,1
byg-herrens,1
boelig,1
prioritæt,1
panthavelse,1
ledigt,1
arve-ret,1
høystnyttig,1
skibelige,1
arbeids-dag,1
dagleyeren,1
indretningerne,1
faner,1
omvexlen,1
bygnings-summen,1
jorde-gaards,1
hinc,1
bondergaardene,1
illæ,1
lacrymæ,1
endevende,1
steen-tofter,1
krat-buskasier,1
ager-brug,1
suurbondede,1
udskiæres,1
kløvgang,1
opæde,1
gout,1
sammensamle,1
nørremark,1
ubeboede,1
simplere,1
storagtig,1
boniteten,1
forraaden,1
vidtløftigste,1
ungefærlig,1
rusbye,1
østermarken,1
sløye,1
vestermar,1
troligst,1
hovedindretningers,1
practices,1
spegesild,1
ordentligt,1
opdager,1
begreberne,1
frugtbarheds,1
fordunklede,1
jordegods-eyernes,1
conduite,1
underhavendes,1
trangeste,1
fæsterens,1
restants,1
forunderligste,1
forvalters,1
strøm,1
deelagtig,1
afdeele,1
o.s.f,1
frugtbareste,1
tilveyebragt,1
administreres,1
ypperste,1
uhældigt,1
kvaliteter,1
fordærvede,1
tabelle,1
kartuffel-avl,1
vandstæders,1
udryddelse,1
følhopper,1
kjøbsted-reyse,1
afbygte,1
ley,1
snævrere,1
urimelighed,1
kiøkkenhauge,1
udbæres,1
bel,1
huusbondens,1
bæste-avlens,1
tilholdte,1
uddøe,1
steens,1
qvæg-avlens,1
almagten,1
redresseres,1
afhjelpes,1
hjemsøge,1
qvæg-avl,1
ufordeelagtige,1
rembringe,1
fremdyrk,1
feltskiær,1
pantning,1
skattekorns-liste,1
foreenet,1
disputeerligt,1
clodius,1
ubøyelige,1
sindelag,1
mønster,1
afholdneste,1
ubevægeligste,1
rensede,1
hercules,1
bested,1
niue,1
nius,1
gracchus,1
cinna,1
sløve,1
catilina,1
lentulus,1
cethegus,1
furius,1
camillus,1
fabius,1
maximus,1
cajus,1
marius,1
scipio,1
africanus,1
seendrægtige,1
formænds,1
fremgangen,1
løselige,1
overtalelse,1
tyer,1
alvorligere,1
commissions-collegium,1
anordnes,1
avanceres,1
hurtige,1
tingens,1
proselyter,1
nyttigst,1
sums,1
general-standvæsens,1
usminkede,1
commissions-collegii,1
feylet,1
blom,1
strende,1
libere,1
veritatem,1
pronunciat,1
proditor,1
veritatis,1
forelegger,1
opsyns-post,1
velsma,1
harsk,1
fusker,1
ubekjendt,1
sigtede,1
landvæseners,1
landsfaderlig,1
ilet,1
moderere,1
kjendte,1
hovene,1
hovedaarsag,1
aarstag,1
agerbrugendes,1
formørkede,1
unaturlige,1
ledestjerne,1
forskjellen,1
gaaseog,1
opklekkes,1
kreatur,1
graadigt,1
ureenlighed,1
nedtrampe,1
fordærve,1
vandstæderne,1
sverm,1
udvrimle,1
beregne,1
bundløst,1
svær,1
ubekymrede,1
prøvestene,1
indretter,1
verksted,1
huushold,1
hovedforandring,1
omdanne,1
stædets,1
forhutles,1
bendergaarde,1
eftee,1
ubrødelig,1
nedstegen,1
hovedregler,1
omdanning,1
agerbrugende,1
qvaliteter,1
forkert,1
slukt,1
tusmørke,1
indhyllede,1
velfærdsveye,1
ukjendelige,1
slendrian,1
begyndelsens,1
mangeler,1
gjæssene,1
avlings-terrain,1
bettle,1
huusfornødenhed,1
strabaseres,1
rrfordeelagtige,1
forhindrede,1
kjørende,1
ernærende,1
skjødesløse,1
tilveyebringelse,1
skræpper,1
nelder,1
skarntyder,1
forstode,1
pundeviis,1
reysens,1
tartufler,1
jordæble,1
gevext,1
priset,1
forsøgte,1
vægrer,1
fordøyelse,1
mave,1
ganges,1
delikat,1
have-produkter,1
speculation,1
torvelæs,1
trivelighed,1
reparations,1
ufordelagtigt,1
svine,1
gaase-avl,1
combineret,1
oversvømmer,1
herredømmet,1
marv,1
menagerie,1
indrømme,1
saadankort,1
omroder,1
sæde-arternes,1
bredde,1
variation,1
fortjenes,1
oprindelsen,1
parat,1
udkik,1
laanekornets,1
afhænde,1
liges,1
reysekjørsel,1
uhældigste,1
sjællandske,1
heyrathen,1
gleich,1
brod,1
opslides,1
205,1
jordarts,1
fieldsteens,1
indsekter,1
206,1
posters,1
huusholdingsmaaden,1
ubekiente,1
videnstaber,1
6de,1
207,1
virkningsmidler,1
brændeveed,1
kull,1
anregnes,1
tilførende,1
forarbeidning,1
208,1
formærkende,1
tillavelsesmaaden,1
materialiers,1
ildebrændsel,1
arbeids-folkes,1
lønningsmaader,1
førende,1
indblandede,1
ildens,1
fuldendelse,1
paakiendt,1
aflegger,1
anskaffende,1
inddelende,1
skole-indretningen,1
forbenevnte,1
afleggende,1
indsender,1
paategning,1
forsamling,1
indhentende,1
beviisligheder,1
qviteret,1
reisers,1
ober-bergamtets,1
beholdning,1
foretoge,1
omreise,1
begav,1
øiemerket,1
reiserne,1
erfarer,1
204,1
øiemærke,1
bergog,1
rara,1
temporum,1
felicitas,1
guld-bierge,1
hoved-sætningen,1
bestyret,1
fornemmes,1
coffeuses,1
petir-maitres,1
opdradelsen,1
efteraber,1
paadrager,1
skatskyldig,1
sølv-miner,1
africanerne,1
vexling,1
oppetere,1
arbeydomhed,1
uudtømmelig,1
ikk,1
undersaats,1
kau,1
underhandlinger,1
greenene,1
priseligste,1
folkeriig,1
næ,1
rings,1
profuturus,1
mortem,1
sentire,1
nostrum,1
velis,1
fentias,1
dicere,1
licet,1
tacit,1
focietatum,1
gravior,1
carior,1
qvam,1
republica,1
uniciunqve,1
funt,1
dubitet,1
parentes,1
liberi,1
propinqvi,1
familiares,1
omnes,1
caritates,1
una,1
complexa,1
qvâ,1
qvis,1
bonus,1
anstillende,1
201,1
manufactur-væsenet,1
kaffe-bog,1
192,1
velser,1
uindbunden,1
indbindingen,1
betjenings,1
tjenerne,1
rejsetøjet,1
tilbagerejsen,1
undersøgende,1
landstrekninger,1
bevilning,1
forfærdigelse,1
paalægs-svarelse,1
formue-skat,1
193,1
forarbejdende,1
exemplarer,1
bogtrykker-løn,1
opløbe,1
8000.rdlr,1
skribenteres,1
oversættelse,1
forfatterne,1
194,1
tilskyde,1
beskri,1
skole-indretning,1
søe-etaterne,1
190,1
støbe-arbejde,1
regnskabs,1
førelsesmaader,1
udregninger,1
grube-smelte,1
gruberne,1
pukverkerne,1
smelte-hytten,1
arbejds-steder,1
anvendtes,1
ridse,1
behagede,1
gejstlige,1
friheds-tid,1
friheds-dag,1
oversætte,1
indtegnedes,1
lærlingen,1
191,1
understyttelser,1
hjelpemidlerne,1
y,1
rettesnoer,1
embeds-mænd,1
fuldstændigste,1
tjenende,1
jordarter,1
forlag,1
197,1
skole-kassens,1
rejse-bekostninger,1
6oo,1
belastes,1
kilderne,1
lærlings,1
erlægge,1
198,1
rigsdaleraarlig,1
stør,1
hoved-indretuingernes,1
skole-kaffens,1
indsamlende,1
indsamlelse,1
kirke-sogn,1
indtegnes,1
indretningens,1
iagttog,1
nøjagtig,1
egteskabestand,1
regnskabers,1
nedlagde,1
nedlægges,1
udenlandske-rejser,1
rejsetøj,1
skuffes,1
4920,1
probering,1
uden-rigs,1
fælges,1
penge-tab,1
195,1
intægs-kilder,1
forstanderens,1
1500,1
rd.er,1
2400,1
60.rdlr,1
vedvarede,1
anskaffer,1
hjemmested,1
rejserne,1
bygningers,1
proberingen,1
196,1
5920,1
6920,1
bygningsmaterialiernes,1
kaaberstikkerens,1
bogtrykkeriet,1
landkorters,1
fordelagtige,1
portioner,1
haus,1
direcreurer,1
følgen,1
søemagt,1
efterføge,1
færøe,1
vestin,1
diske,1
opoffret,1
feyh,1
plantage-eyerne,1
tilladet,1
sviter,1
endnn,1
96,1
regiere-konsten,1
egensiab,1
forfængelighed,1
bebreydelser,1
colonierne,1
hengivenhed,1
accise,1
manufacturisteres,1
handværksmænds,1
mages,1
caffehandelen,1
visere,1
øl-bryggere,1
forfremmes,1
statuer,1
beskiæftigede,1
casserere,1
unyttigste,1
forvaltes,1
gi,1
hospitalet,1
misbrng,1
qvartere,1
barraqver,1
soldater-koner,1
mødrenes,1
selseng,1
82,1
opreyse,1
dyrkelsen,1
83,1
opreyses,1
urette,1
styrtet,1
forfremmet,1
yppighed,1
vindstibelighed,1
ignis,1
fatuus,1
skyndet,1
compagniers,1
monopoliers,1
giordt,1
temporibus,1
para,1
meditare,1
cogita,1
esse,1
eo,1
cive,1
viro,1
debent,1
afflictam,1
oppressam,1
miseris,1
perditis,1
five,1
moribus,1
veterem,1
dignitatem,1
felicitatem,1
vindicaturus,1
warum,1
frau,1
kind,1
bald,1
errathen,1
rath,1
dexperas,1
spem,1
nufacturer,1
monarchs,1
villigen,1
forfremmer,1
seendrægti,1
anseelsen,1
sigtende,1
skylde,1
nationerne,1
menniskene,1
flittigen,1
liide,1
dyrebareste,1
lands-faderlige,1
aliqvam,1
dura,1
regni,1
novitas,1
talia,1
cogunt,1
virgil,1
sagernes,1
fremfart,1
tu,1
tamen,1
habes,1
bogholdere,1
hvorsomheldst,1
strækninger,1
lotto,1
fløyel,1
fiinhed,1
overhaandtagende,1
angenemt,1
upatriotiske,1
freqventere,1
anpriiste,1
dependere,1
publick,1
spirit,1
velbetænkte,1
bekræfte,1
dragt,1
meubler,1
eqvipage,1
fabriquers,1
handverkers,1
forlystelse,1
stoffer,1
visiter,1
indlægge,1
efterabe,1
efterabelser,1
pynter,1
nie,1
vel-brygget,1
viins,1
ølbryg,1
coelestis,1
vindski,1
belige,1
smage,1
damers,1
messieurers,1
drikkevare,1
frigida,1
curarum,1
fomenta,1
relinqvere,1
poffes,1
sapientia,1
knytte,1
duceret,1
ires,1
opus,1
parvi,1
properemus,1
ampli,1
voclumus,1
vivere,1
horat,1
tænkemaaden,1
brodere,1
hoffærdigere,1
venetianerne,1
opoffre,1
vexel-coursen,1
anfordringer,1
forbindelser,1
sædlerne,1
anretter,1
overstigende,1
giælde,1
favorable,1
chimere,1
her-vexel,1
operationer,1
handels-balancen,1
banco-sæddel,1
ses,1
tolereres,1
infinitum,1
tøyet,1
couranter,1
agerdyrk,1
ningen,1
banqven,1
rullere,1
opbrænde,1
cours,1
papiir-credit,1
udstædt,1
stiftel,1
sundhedens,1
strafværdig,1
delicat,1
drukket,1
hyllebær,1
mal,1
vasier,1
engelskmand,1
prefererer,1
ballancen,1
steenkulgruberne,1
sultent,1
mangelhaft,1
fravender,1
credit-sædler,1
kniplinger,1
daarligheds,1
reedelighed,1
menniskekiærlighed,1
aristoteles,1
tiilig,1
moednere,1
vrangtænkende,1
banqver,1
stiftet,1
banqvens,1
cato,1
phoenix,1
fauger,1
ride-foged,1
vurderings-mændedere,1
børne-midler,1
behandlede,1
kyeblik,1
levning,1
barbariet,1
hække,1
lov-formelig,1
meddeeles,1
birke-fogden,1
dommer-korn,1
godtgiøres,1
traadde,1
siyde,1
birkning,1
fæste-frie,1
remændenes,1
aflagt,1
antagen,1
aflevere,1
forverret,1
forvalter-tieneste,1
forvalte,1
examineret,1
professor,1
formyn,1
skiftege,1
laugvær,1
bord-enden,1
koe-stald,1
høe-lade,1
stue-længde,1
skifte-behandlingen,1
rærværelsetillige,1
vurderings-mænd,1
"besætning,udtager",1
drag-tøy,1
høst-vogn,1
tilbehør,1
valteren,1
liqvidations-regning,1
supra,1
stervboets,1
348,1
tilspurgt,1
cavere,1
udarmet,1
udbeder,1
uge-dag,1
spinden,1
afbetalt,1
indgaaer,1
datum,1
holtz-førster,1
tømmer-hugst,1
skyts-engel,1
tømmeret,1
handels-green,1
begrebernes,1
opløste,1
territorium,1
spørgsmaale,1
vrag,1
overdreven,1
særskilt,1
scrupuleux,1
barbarisk,1
sædeligt,1
uliigheden,1
eyendoms-rettigheder,1
adskil,1
fiske-rettigheden,1
fiske-staderne,1
gilleleye,1
kraagerups-gaards,1
anholt,1
westervig,1
aftal,1
gaards-eyeren,1
hesseløen,1
kammer-herre,1
adeler,1
silde-fangst,1
profiteret,1
oppasning,1
sønder-stranden,1
ager-dyrkning,1
have-dyrkning,1
skatte-korns,1
træffe,1
studenters,1
jorde-bog,1
adkomsten,1
vidtløftigere,1
rørvig,1
nord-stranden,1
jord-monnen,1
høvestrædet,1
feyltagelse,1
bund-garn,1
marsvins-skader,1
huuemcmd,1
strand-strækning,1
venen,1
helsingøer,1
fiske-lejer,1
hornbecher,1
espendier,1
snekkesteener,1
fiskerriet,1
heste-stald,1
fætter,1
ubelønnet,1
gudfrygtig,1
torve-grav,1
engdrag,1
søebred,1
henkast,1
gale,1
ubetydelige,1
medtages,1
sælskabs,1
ave,1
foranstaltede,1
qvarteer-commissarier,1
ldée,1
birke-viis,1
general-landvæsens-commissisnen,1
understøtning,1
registreringer,1
vurderinger,1
land-comrnissarier,1
qvarteer-commissarierne,1
sass,1
honnéteske,1
vart-penge,1
pensionen,1
trænges,1
harve-bæster,1
opsanke,1
umager,1
henvelte,1
torne-og,1
pode,1
inoculere,1
afsue,1
beskiære,1
pode-mestere,1
arbejdsomhed,1
hoffets,1
hoved-stadens,1
daarer,1
døgenichter,1
vedkomkommende,1
riis-gierder,1
heste-have,1
suffiçante,1
formegen,1
tiidsspilde,1
rykker-kobler,1
ellinge,1
svendstrup,1
borge-vangs,1
anslagne,1
staurer,1
torn-gierder,1
millionviis,1
sværmen,1
formeerelses-tiid,1
tørve-skiær,1
skov-rideren,1
prydede,1
træ-gaarde,1
humle-og,1
kiøkken,1
sværmede,1
million-viis,1
følesløs,1
tørve-grave,1
vadsteder,1
gade-damme,1
kiøb-stæder,1
fa,1
henrykkende,1
milie,1
usleste,1
faldefærdige,1
huus-bygninger,1
hesaaed,1
gunstigt,1
flipper,1
brude-gaven,1
føll,1
velsignes,1
belgiørere,1
lands-byer,1
valhalla,1
høebiergning,1
samlingers,1
bg,1
palme-pille,1
udbytte,1
bie-have,1
traurige,1
længselfulde,1
or,1
flutteligt,1
opoffrede,1
conference-raad,1
suhm,1
christi,1
odin,1
frode,1
fortælles,1
beværte,1
svendske,1
fiolner,1
ælden,1
miøds,1
tillavelse,1
"os,som",1
bekræftes,1
pytheæ,1
didhenhørende,1
penge-skrin,1
udtælle,1
castanie,1
qvint,1
spurgde,1
flamme,1
birkedommeren,1
randsage,1
akkorderede,1
pagt,1
strandrideren,1
consumptions-forpagteren,1
talede,1
bræn,1
deviinsbrændere,1
borgermænd,1
sølv-knapper,1
røger,1
spurte,1
forrede,1
krormand,1
herredsfoged,1
forfærdeligt,1
fromme,1
raadede,1
udqaaet,1
paaskreven,1
fortællelske,1
magistraten,1
vahrer,1
lindring,1
tegner,1
hiemsøgte,1
oeconomiæ,1
vonden,1
magistrats-personer,1
konsumptions-forpagtere,1
ridefogeder,1
uddragen,1
paarses,1
andersen,1
bonde-foged,1
sas,1
vaar-sæden,1
stiftamtmanden,1
kiøbstæd-manden,1
diste,1
friheds-destricter,1
bygfaaed,1
brændeviins-forpagtning,1
inddeelingen,1
brændeviins-brænden,1
interressenterne,1
con,1
sumptions-forpagtningen,1
kipperne,1
tiiste,1
nikker,1
samnie,1
reisepenge,1
forskrekkeligt,1
maden,1
madpose,1
suul,1
mk.4sk,1
1mk.8ß,1
13rd.3mk-ß,1
sk.er,1
10rd,1
aarer,1
vognleye,1
bompenge,1
rive-dage,1
logimente,1
"2,3,4",1
rispe,1
skovningen,1
folde,1
stakker,1
1i,1
skiøtte,1
ladefogeden,1
fauges,1
finaahugges,1
rd.3mk.8ß,1
7rd.2mk,1
letter,1
qvinde,1
høylærdes,1
bye-mænd,1
søgent,1
hierteglad,1
fortrængte,1
lindret,1
sukkede,1
pintse-dag,1
kandskee,1
kyssede,1
gangs,1
naadigt,1
mland,1
rødt,1
badmel,1
fortæl,1
vunderverk,1
kaarse,1
0,1
bareste,1
høe-hesten,1
slaaetiden,1
fadt,1
forhusker,1
skole-anstalter,1
elme,1
sølv-taffel-service,1
ask,1
kreds,1
folke-slag,1
timelig,1
inderligste,1
nedladt,1
ore,1
asen,1
sabbathen,1
med-mennesker,1
upaatalte,1
ustraffede,1
skibbrudnes,1
lerneiste,1
hydre,1
overladende,1
tyrker,1
hedninger,1
søe-røverie,1
ugiørlig,1
knuden,1
hyre-kudske,1
vogn-mænd,1
færge-mænd,1
dag-eller,1
transportviis,1
giengieldelses-ret,1
skibbruden,1
1393,1
fyer-forvalter,1
passageer,1
ulykkeligt,1
enkhuysen,1
1751,1
rev,1
cattegaket,1
fløit-skib,1
orlogs-maste-træer,1
master,1
indgik,1
skibs-capitainen,1
aftaklingen,1
baaden,1
lettede,1
gilleleve,1
hornbech,1
destomiudre,1
skibets,1
takkelagie,1
seyl,1
indehavende,1
commissonaire,1
udbragte,1
leyet,1
maanedlig,1
bortført,1
underrettes,1
assurandeurer,1
commandere,1
paaligge,1
berette,1
strandet,1
bilager,1
skibs-capitainens,1
skipperens,1
indsende,1
finance-raad,1
sorterende,1
commerce-collegium,1
skibs-eyere,1
søebefarne,1
reedere,1
tilstrekkeligt,1
biergnings-væsenet,1
paadrevne,1
jordmon,1
jords-spilde,1
skov-gierder,1
eng-bund,1
gavnes,1
træ-skoler,1
bøg,1
skipperen,1
hidse,1
bjergnings-reglement,1
rummelige,1
hollandsk,1
opslagen,1
fyer-huus,1
forevises,1
capitaine,1
styrmand,1
forstrands-eyer,1
skibs-capitains,1
skippers,1
forstrands-ret,1
tætte,1
øerne,1
flag-stang,1
oprørte,1
uroelige,1
side-baade,1
skibs-baad,1
ulykkelig-viis,1
nætter,1
nød-skud,1
ophidset,1
søens,1
undgaaet,1
føjes,1
practice,1
theoretice,1
urtegaardsmanden,1
ringene,1
pil,1
moesrigt,1
skrumpen,1
edderkopper,1
insecter,1
væsker,1
afhugget,1
eegetræer,1
geilhed,1
hidsighed,1
oeconomus,1
gavntømmer,1
argumenterede,1
kir,1
ker,1
klosters,1
stoele,1
tavler,1
kister,1
sengesteder,1
planker,1
skaarne,1
opfreede,1
skovhadere,1
træes,1
stoppes,1
æide,1
merkes,1
væxt-riget,1
dunstning,1
haardhed,1
afskjære,1
tommer,1
huusog,1
sprækker,1
mærk,1
eege-og,1
salt-partikler,1
flod,1
regn-vand,1
bevægelsens,1
nordvest-vind,1
væske,1
omførelse,1
hjertet,1
lungen,1
forstyrres,1
jord-egn,1
sumpig,1
skjult,1
brak,1
friderichsberg,1
allée,1
kjendt,1
nedhugne,1
sørgesløse,1
idéer,1
detaillen,1
hoverie-forordning,1
uegennyttighed,1
selvgjorde,1
bevæg-aarsag,1
meddeele,1
studerte,1
favorit-studium,1
flyve-lyst,1
skumpelskud,1
optænkelig,1
meenende,1
ypperstepræster,1
gierrig,1
ublue,1
betjeninger,1
flygtighed,1
enke-frues,1
pløje-dage,1
tredjedeel,1
span,1
reglementet,1
fastsetter,1
tiksagde,1
raadført,1
cereris,1
lunkne,1
momus,1
afhjelpe,1
øyensyn,1
udpresse,1
paaslaget,1
vaagne,1
holzførster-tjeneste,1
hvorsomhelst,1
hoffmænd,1
raisonnemens,1
opvakt,1
modsigelfes-aand,1
paarørende,1
afliggenhed,1
uiværksetteligt,1
udy,1
utilsaaede,1
frygtende,1
ildeflndede,1
hævne,1
ulydigbed,1
opsetsighed,1
land-huusholdning,1
omgangs-maade,1
prvvimfer,1
saftens,1
skindbarken,1
handels-greene,1
hudeller,1
smaakopper,1
spaamand,1
moedne,1
forfløjen,1
skrueløse,1
lægemiddel,1
kvaksalverens,1
balsamiske,1
republic,1
mønter,1
foralle,1
opslaae,1
udhænge,1
omdømme,1
markeds-eller,1
torvdage,1
opslagne,1
øyesyn,1
skjønsomste,1
luttre,1
prøve-ild,1
forskrifter,1
luft-casteller,1
bygningsmesterne,1
ueenigheds,1
anstak,1
grønlændere,1
forreiste,1
heedernes,1
uangenemt,1
madame,1
dubois,1
arietter,1
forfrisknings-liste,1
vauxhall,1
revisionen,1
documenter,1
cedertræ,1
martyr,1
bevis,1
heederne,1
faarekopperne,1
skanning,1
opvarter,1
landsbye-degn,1
friderichsborg,1
salpeter-syderie,1
skoeslikkeren,1
uvenner,1
følesløse,1
race,1
ulykkeligviis,1
langrumpede,1
forstyrrelses,1
haandværket,1
pakke,1
haarfine,1
frodige,1
rimeligviis,1
afvoxet,1
levetiid,1
raisonnerede,1
marven,1
fsrst,1
blærer,1
træagtige,1
sitt,1
trævler,1
haar-sigt,1
kraagerup,1
lodrette,1
tværs,1
membranosus,1
filamentosus,1
trævlagtige,1
utricularis,1
vesicularis,1
blærebarken,1
liber,1
alburnus,1
epidermis,1
troskabs-bøg,1
kirkeskove,1
velyndere,1
skovrider,1
trykfrihedens,1
bøge-træ,1
forfægterne,1
viisende,1
skov-egne,1
overtydes,1
foreslog,1
volden,1
abels,1
ørkels,1
eegeskov,1
oluf,1
beleyringen,1
hansen,1
svendborgs,1
skovmarker,1
græsholmen,1
pinde,1
beg,1
thidselholt,1
aarstal,1
bøgeskov,1
amtsforvalter,1
rostgaard,1
reserve-heste,1
1mo,1
seminaria,1
stolestade-penge,1
forsætligviis,1
sogne-fogden,1
presser,1
soldater-granden,1
siettes,1
doctor-skatten,1
delinqvent-penge,1
arrestanter,1
paadømmelig,1
degne-traven,1
juule-og,1
paaske-renter,1
pølse,1
lpd,1
saltmads-fad,1
touren,1
besvær,1
værdiger,1
sangen,1
iføre,1
messe-klæderne,1
amen,1
alm,1
ens,1
stændig,1
fordrukken,1
huus-værelser,1
fratrædende,1
foged-korn,1
korn-maalernes,1
opmaal,1
korn-skatte-forordninger,1
topmaal,1
album,1
nedbanke,1
tøndens,1
jernbaand,1
over-maalet,1
laane-kornets,1
skov-rider-korn,1
skovrideren,1
søvnagtighed,1
ride-fogdens,1
senge-penge,1
fæste-brevets,1
udstedelse,1
formentlige,1
erlegges,1
under-skriveren,1
skifte-brevets,1
gildens,1
griise,1
faare-melk,1
paasaae,1
vacance,1
samvittigheds-verk,1
fortræffeligt,1
trefierdeparter,1
hvede-meel,1
skarpsigtigste,1
bedragne,1
ubeqvemhed,1
jord-æblene,1
malede,1
haand-qværn,1
presse,1
tørkning,1
vandrige,1
brødets,1
jurid,1
hare,1
jord-frugter,1
kaninerne,1
indsamlet,1
femogtivefold,1
land-huusholdnings-sælskab,1
besparing,1
frugt-brændeviin,1
must,1
cider,1
igienrage,1
lydende,1
u-undværlige,1
bødløse,1
fingeren,1
fornem,1
straten-junkere,1
spindelvæv,1
lægspenge,1
læget,1
offer-dag,1
taalelige,1
velfærds-og,1
fordeels-kilder,1
humle-haver,1
piileog,1
hanke,1
dergives,1
hvil,1
jordegods-eyer,1
lovformelig,1
tabeller,1
hovedgaards-taxt,1
loves,1
nøyagtigste,1
friste,1
huuns,1
bæll-frugter,1
kal,1
birken,1
rorn,1
tøjer,1
birke,1
bagernes,1
spekhøkernes,1
bestormede,1
nedrives,1
kiødet,1
advarsler,1
fortrakt,1
dyriske,1
fæiske,1
trodse,1
revolution,1
vindige,1
tilbagekalde,1
mangfoldiggiøres,1
stiernerne,1
regna,1
firmat,1
pietas,1
oz,1
tabel,1
tarten,1
præmie,1
troelovelser,1
brylluper,1
barseler,1
trængselen,1
lemlæstede,1
nedtraadde,1
herregaards-eyer,1
udgangs-øg,1
skarpt,1
iverksættes,1
herregaards-eyeren,1
bønder-gaarder,1
herre-gaards,1
medgaaende,1
fraregnede,1
kjøbmanden,1
cavalleriet,1
driftig,1
mignature,1
exemplet,1
otting,1
rejse,1
misvæxrt,1
lande-plager,1
medtagen,1
oprødning,1
skovhaderne,1
opregne,1
tilførselen,1
beleyret,1
fjendtlig,1
begravelser,1
seedede,1
overdrevenes,1
udtrække,1
misunder,1
adeligt,1
uadel,1
sammenskrabet,1
46-à,1
60000,1
længstlevende,1
nedhugger,1
oprydder,1
klap-jagten,1
fiske-parker,1
friheds-passer,1
besiddes,1
oprydning,1
kommerne,1
lade-fogeder,1
udlaanes,1
jorde-godser,1
seilads,1
gaards-fæster,1
korn-og,1
skoleholderens,1
tingmandens,1
mestermands,1
lade-fogeden,1
trukket,1
græs-markenes,1
udfundet,1
tractementerne,1
feyekonerne,1
bettelstanden,1
nectar,1
uddød,1
mathematikens,1
mechanikens,1
beskæmmet,1
klogere,1
ifra,1
tiltænkte,1
mangels-kilde,1
heste-pranger,1
fornuftigst,1
fornufts-og,1
dyds-mæssig,1
fremst,1
ride-fogden,1
fruens,1
opsette,1
hoved-gaards-markene,1
indhøstede,1
skyld-sætning,1
laane-korn,1
giødning-stedet,1
